AcDbLine	_ARQ	400.140503925316	22.3188924289899	
AcDbLine	_ARQ	375.226464856837	13.794448100909	
AcDbLine	_ARQ	393.914073521238	60.8280712059774	
AcDbLine	_ARQ	369.226464856837	61.0280712059774	
AcDbLine	_ARQ	409.943276409372	13.994448100909	
AcDbLine	_ARQ	356.76805908057	58.5221094620919	
AcDbLine	_ARQ	356.538856192436	29.4528538771761	
AcDbLine	_ARQ	362.76805908057	22.1188924289899	
AcDbLine	_ARQ	362.76805908057	13.794448100909	
AcDbLine	_ARQ	356.649879592567	18.2152439549099	
AcDbLine	_ARQ	356.703136092574	18.2152439549099	
AcDbLine	_ARQ	356.538856192436	18.994448100909	
AcDbLine	_ARQ	356.76805908057	20.958666343195	
AcDbLine	_ARQ	356.76805908057	15.0152439549098	
AcDbLine	_ARQ	356.538856192436	24.2236509890425	
AcDbLine	_ARQ	356.565293085119	18.2152439549099	
AcDbLine	_ARQ	356.538856192436	21.958666343195	
AcDbLine	_ARQ	356.538856192436	20.958666343195	
AcDbLine	_ARQ	356.565293085119	28.4761514107618	
AcDbLine	_ARQ	356.76805908057	25.2761514107618	
AcDbLine	_ARQ	356.649879592567	28.4761514107618	
AcDbLine	_ARQ	356.703136092574	28.4761514107618	
AcDbLine	_ARQ	362.76805908057	21.794448100909	
AcDbLine	_ARQ	362.997261968704	20.794448100909	
AcDbLine	_ARQ	364.503172112176	13.8790346083572	
AcDbLine	_ARQ	364.503172112176	13.932291108364	
AcDbLine	_ARQ	368.997261968704	13.794448100909	
AcDbLine	_ARQ	364.503172112176	13.794448100909	
AcDbLine	_ARQ	367.703172112176	13.99721409636	
AcDbLine	_ARQ	368.997261968704	22.1188924289899	
AcDbText	_ARQ-TEXTO	359.037013279458	18.0296567379459	
AcDbLine	_ARQ	362.76805908057	20.794448100909	
AcDbLine	_ARQ	362.76805908057	21.794448100909	
AcDbLine	_ARQ	369.724790884076	22.1188924289899	
AcDbLine	_ARQ	369.724790884076	22.3188924289899	
AcDbLine	_ARQ	360.26805908057	51.4411987979862	
AcDbLine	_ARQ	360.41805908057	51.4411987979862	
AcDbLine	_ARQ	359.607315021011	53.4238683178439	
AcDbText	_ARQ-TEXTO	358.879100046559	53.6036860173797	
AcDbLine	_ARQ	356.76805908057	55.5988683178439	
AcDbLine	_ARQ	356.538856192436	55.5988683178439	
AcDbLine	_ARQ	360.26805908057	50.3988683178439	
AcDbLine	_ARQ	356.76805908057	50.2488683178439	
AcDbLine	_ARQ	356.76805908057	51.448868317844	
AcDbLine	_ARQ	358.11805908057	51.3988683178439	
AcDbLine	_ARQ	356.538856192436	45.1404625415768	
AcDbLine	_ARQ	356.538856192436	34.6820567653097	
AcDbLine	_ARQ	356.538856192436	39.9112596534432	
AcDbLine	_ARQ	356.703136092574	38.9345571870289	
AcDbLine	_ARQ	356.649879592567	38.9345571870289	
AcDbLine	_ARQ	356.76805908057	35.7345571870289	
AcDbLine	_ARQ	356.565293085119	38.9345571870289	
AcDbLine	_ARQ	356.538856192436	50.3696654297103	
AcDbLine	_ARQ	356.649879592567	49.392962963296	
AcDbLine	_ARQ	356.703136092574	49.392962963296	
AcDbLine	_ARQ	356.76805908057	46.192962963296	
AcDbLine	_ARQ	356.565293085119	49.392962963296	
AcDbText	_ARQ-TEXTO	370.248218600393	36.932696845622	
AcDbLine	_ARQ	360.26805908057	50.3988683178439	
AcDbLine	_ARQ	360.41805908057	50.2488683178439	
AcDbLine	_ARQ	360.41805908057	51.4411987979862	
AcDbLine	_ARQ	360.41805908057	50.5411987979862	
AcDbLine	_ARQ	360.26805908057	51.6069355880061	
AcDbLine	_ARQ	358.11805908057	50.698868317844	
AcDbLine	_ARQ	360.41805908057	50.2488683178439	
AcDbLine	_ARQ	358.06805908057	51.448868317844	
AcDbLine	_ARQ	358.06805908057	51.7488683178439	
AcDbLine	_ARQ	358.11805908057	51.7488683178439	
AcDbLine	_ARQ	358.06805908057	50.698868317844	
AcDbLine	_ARQ	358.06805908057	50.3988683178439	
AcDbLine	_ARQ	358.11805908057	53.4988683178439	
AcDbLine	_ARQ	356.76805908057	53.5488683178439	
AcDbLine	_ARQ	356.76805908057	54.5988683178439	
AcDbLine	_ARQ	358.11805908057	54.5488683178439	
AcDbLine	_ARQ	360.26805908057	55.5988683178438	
AcDbLine	_ARQ	358.11805908057	52.448868317844	
AcDbLine	_ARQ	356.76805908057	52.4988683178439	
AcDbLine	_ARQ	356.76805908057	55.5988683178439	
AcDbLine	_ARQ	356.76805908057	55.8280712059775	
AcDbLine	_ARQ	356.76805908057	61.0280712059774	
AcDbLine	_ARQ	356.703136092574	58.0146275862421	
AcDbLine	_ARQ	356.649879592567	58.0146275862421	
AcDbLine	_ARQ	356.538856192436	60.8280712059774	
AcDbLine	_ARQ	356.998021611053	52.9314225610158	
AcDbLine	_ARQ	356.76805908057	52.9810348419196	
AcDbCircle	_ARQ	357.08208534256	52.9562287014678	
AcDbLine	_ARQ	356.998021611053	52.9810348419196	
AcDbLine	_ARQ	356.998021611053	54.0113775442788	
AcDbLine	_ARQ	356.76805908057	54.0609898251826	
AcDbCircle	_ARQ	357.08208534256	54.0361836847307	
AcDbLine	_ARQ	356.998021611053	54.0609898251826	
AcDbLine	_ARQ	356.76805908057	55.0988683178439	
AcDbLine	_ARQ	356.998021611053	55.0988683178439	
AcDbLine	_ARQ	356.998021611053	55.0492560369401	
AcDbCircle	_ARQ	357.08208534256	55.074062177392	
AcDbLine	_ARQ	356.76805908057	56.1207828507082	
AcDbLine	_ARQ	356.578310825566	58.5221094620919	
AcDbLine	_ARQ	356.60404185613	58.5221094620919	
AcDbLine	_ARQ	356.76805908057	60.8280712059774	
AcDbLine	_ARQ	356.565293085119	58.0146275862421	
AcDbLine	_ARQ	356.538856192437	60.5221094620919	
AcDbLine	_ARQ	356.538856192437	58.5221094620919	
AcDbText	_ARQ-TEXTO	363.744527627915	56.8603533649059	
AcDbLine	_ARQ	362.997261968704	55.8280712059775	
AcDbLine	_ARQ	364.670208330164	60.9631482179814	
AcDbLine	_ARQ	364.670208330164	60.9098917179746	
AcDbLine	_ARQ	362.997261968704	61.0280712059774	
AcDbLine	_ARQ	360.208247139445	54.9202783766863	
AcDbLine	_ARQ	359.655857381054	55.5419411268423	
AcDbLine	_ARQ	360.222864810749	54.3447737326903	
AcDbLine	_ARQ	359.968650764531	52.4528799349768	
AcDbLine	_ARQ	360.164566619565	52.4308610932372	
AcDbLine	_ARQ	359.968650764531	52.4308610932372	
AcDbCircle	_ARQ	360.199698602929	52.4401616437817	
AcDbCircle	_ARQ	360.199698602929	52.4401616437817	
AcDbLine	_ARQ	360.220249441883	52.4401616437817	
AcDbLine	_ARQ	360.220249441883	52.4388046283837	
AcDbLine	_ARQ	360.220249441883	52.4415186591796	
AcDbLine	_ARQ	360.198341587531	52.4038194300971	
AcDbLine	_ARQ	360.201055618327	52.4038194300971	
AcDbLine	_ARQ	360.199698602929	52.4038194300971	
AcDbLine	_ARQ	360.199698602929	52.4607124827353	
AcDbLine	_ARQ	360.201055618327	52.4607124827353	
AcDbLine	_ARQ	360.198341587531	52.4607124827353	
AcDbLine	_ARQ	360.214382085063	52.4255673415928	
AcDbLine	_ARQ	360.213295446929	52.4247518152647	
AcDbLine	_ARQ	360.215213275291	52.4266845549573	
AcDbLine	_ARQ	360.179147763975	52.4388046283837	
AcDbLine	_ARQ	360.179147763975	52.4415186591796	
AcDbLine	_ARQ	360.179147763975	52.4401616437817	
AcDbLine	_ARQ	360.174914357499	52.4668444436929	
AcDbLine	_ARQ	360.172996529137	52.4649117040003	
AcDbLine	_ARQ	360.17408316727	52.4657272303283	
AcDbLine	_ARQ	360.213463193521	52.4554577436391	
AcDbLine	_ARQ	360.215382303101	52.4535386340591	
AcDbLine	_ARQ	360.214422748311	52.4544981888491	
AcDbLine	_ARQ	360.173891597709	52.4145738240459	
AcDbLine	_ARQ	360.174851152499	52.4136142692559	
AcDbLine	_ARQ	360.172932042919	52.415533378836	
AcDbLine	_ARQ	360.26805908057	53.4238683178439	
AcDbLine	_ARQ	358.11805908057	53.8488683178439	
AcDbLine	_ARQ	358.06805908057	53.8488683178439	
AcDbLine	_ARQ	358.06805908057	53.5488683178439	
AcDbLine	_ARQ	358.06805908057	54.5988683178439	
AcDbLine	_ARQ	358.06805908057	54.8988683178439	
AcDbLine	_ARQ	358.11805908057	54.8988683178439	
AcDbLine	_ARQ	358.11805908057	52.7988683178439	
AcDbLine	_ARQ	358.06805908057	52.7988683178439	
AcDbLine	_ARQ	358.06805908057	52.4988683178439	
AcDbText	_ARQ-TEXTO	357.466082244954	56.8091527604409	
AcDbLine	_ARQ	362.76805908057	57.8546699864177	
AcDbLine	_ARQ	362.997261968704	57.8546699864177	
AcDbLine	_ARQ	362.76805908057	57.8546699864177	
AcDbLine	_ARQ	361.311553886998	61.0308372014285	
AcDbLine	_ARQ	358.111553886998	60.8280712059774	
AcDbLine	_ARQ	358.111553886998	60.9126577134257	
AcDbLine	_ARQ	358.111553886998	60.9659142134325	
AcDbLine	_ARQ	362.76805908057	60.8280712059774	
AcDbLine	_ARQ	362.997261968704	60.8280712059774	
AcDbLine	_ARQ	362.76805908057	59.8546699864177	
AcDbLine	_ARQ	364.670208330164	60.8253052105264	
AcDbLine	_ARQ	368.997261968704	58.122060102173	
AcDbLine	_ARQ	369.226464856837	58.122060102173	
AcDbLine	_ARQ	368.997261968704	58.122060102173	
AcDbLine	_ARQ	368.997261968704	60.8280712059774	
AcDbLine	_ARQ	369.226464856837	60.8280712059774	
AcDbLine	_ARQ	368.997261968704	60.122060102173	
AcDbLine	_ARQ	367.870208330164	61.0280712059774	
AcDbLine	_ARQ	409.943276409372	29.2415075965015	
AcDbLine	_ARQ	410.143276409372	29.2415075965015	
AcDbLine	_ARQ	400.143276409372	60.8280712059774	
AcDbLine	_ARQ	400.343276409372	34.6820567653097	
AcDbLine	_ARQ	409.940503925316	13.794448100909	
AcDbLine	_ARQ	400.343276409372	25.1758989404648	
AcDbLine	_ARQ	400.343276409372	25.3995591629011	
AcDbLine	_ARQ	389.126012683791	13.932291108364	
AcDbLine	_ARQ	389.126012683791	13.8790346083572	
AcDbLine	_ARQ	393.914073521238	13.794448100909	
AcDbLine	_ARQ	393.914073521238	22.1188924289899	
AcDbLine	_ARQ	387.684870633104	13.794448100909	
AcDbLine	_ARQ	376.961577888443	13.932291108364	
AcDbLine	_ARQ	376.961577888443	13.8790346083572	
AcDbLine	_ARQ	381.455667744971	13.794448100909	
AcDbLine	_ARQ	376.961577888443	13.794448100909	
AcDbLine	_ARQ	380.161577888443	13.99721409636	
AcDbLine	_ARQ	389.126012683791	13.794448100909	
AcDbLine	_ARQ	387.684870633104	22.1188924289899	
AcDbText	_ARQ-TEXTO	376.947888164271	18.2116306834336	
AcDbLine	_ARQ	381.455667744971	22.1188924289899	
AcDbLine	_ARQ	375.226464856837	22.1188924289899	
AcDbLine	_ARQ	374.678169546081	22.3188924289899	
AcDbLine	_ARQ	393.914073521238	21.794448100909	
AcDbLine	_ARQ	394.143276409372	19.794448100909	
AcDbLine	_ARQ	400.140503925316	13.794448100909	
AcDbLine	_ARQ	392.326012683791	13.99721409636	
AcDbLine	_ARQ	395.307017597264	13.8790346083572	
AcDbLine	_ARQ	395.307017597264	13.932291108364	
AcDbLine	_ARQ	395.307017597264	13.794448100909	
AcDbLine	_ARQ	398.507017597264	13.99721409636	
AcDbLine	_ARQ	407.183785308541	13.99721409636	
AcDbLine	_ARQ	403.983785308541	13.794448100909	
AcDbLine	_ARQ	403.983785308541	13.932291108364	
AcDbLine	_ARQ	403.983785308541	13.8790346083572	
AcDbLine	_ARQ	400.143276409372	22.1188924289899	
AcDbLine	_ARQ	394.143276409372	19.794448100909	
AcDbLine	_ARQ	400.343276409372	25.1758989404648	
AcDbLine	_ARQ	400.343276409372	28.5123047083679	
AcDbLine	_ARQ	409.943276409372	25.1758989404648	
AcDbLine	_ARQ	409.943276409372	19.0203636006134	
AcDbLine	_ARQ	410.143276409372	28.5123047083679	
AcDbLine	_ARQ	409.943276409372	17.0503636006134	
AcDbLine	_ARQ	409.943276409372	19.0503636006134	
AcDbLine	_ARQ	409.943276409372	28.1197639475526	
AcDbLine	_ARQ	410.146042404823	25.8659309160973	
AcDbLine	_ARQ	410.061455897374	25.8659309160973	
AcDbLine	_ARQ	410.008199397368	25.8659309160973	
AcDbCircle	_ELT-PONTO	407.502780465205	58.3610177971417	
AcDbCircle	_ELT-PONTO	407.502780465205	60.0350891349552	
AcDbLine	_ARQ	406.652348340508	59.2478756677855	
AcDbLine	_ARQ	406.652348340508	59.0978756677855	
AcDbLine	_ARQ	406.652348340508	53.2478756677855	
AcDbLine	_ARQ	406.652348340508	53.3978756677855	
AcDbLine	_ARQ	406.652348340508	57.4478756677855	
AcDbLine	_ARQ	406.652348340508	57.5978756677855	
AcDbLine	_ARQ	406.652348340508	55.6478756677855	
AcDbLine	_ARQ	406.652348340508	55.4978756677855	
AcDbCircle	_ELT-PONTO	407.671012882739	54.5853870261742	
AcDbLine	_ARQ	409.943276409372	51.0280712059774	
AcDbLine	_ARQ	400.343276409372	50.8280712059774	
AcDbLine	_ARQ	400.343276409372	61.0280712059774	
AcDbLine	_ARQ	403.507906404656	60.8280712059774	
AcDbLine	_ARQ	409.943276409372	34.9112596534433	
AcDbLine	_ARQ	406.652348340508	51.0280712059774	
AcDbLine	_ARQ	406.599950061675	51.0280712059774	
AcDbLine	_ARQ	400.343276409372	45.1404625415768	
AcDbText	_ARQ-TEXTO	402.451637436407	38.3141205986252	
AcDbLine	_ARQ	400.343276409372	39.9112596534432	
AcDbLine	_ARQ	400.343276409372	50.3696654297103	
AcDbLine	_ARQ	400.143276409372	51.206835810162	
AcDbLine	_ARQ	400.343276409372	51.206835810162	
AcDbLine	_ARQ	400.343276409372	50.8280712059774	
AcDbLine	_ARQ	389.587019882699	60.9631482179814	
AcDbLine	_ARQ	389.587019882699	60.9098917179746	
AcDbLine	_ARQ	387.914073521238	61.0280712059774	
AcDbLine	_ARQ	381.684870633104	61.0280712059774	
AcDbLine	_ARQ	377.128614106431	60.9098917179746	
AcDbLine	_ARQ	377.128614106431	60.9631482179814	
AcDbLine	_ARQ	375.455667744971	61.0280712059774	
AcDbLine	_ARQ	377.128614106431	60.8253052105264	
AcDbLine	_ARQ	380.328614106431	61.0280712059774	
AcDbLine	_ARQ	389.587019882699	60.8253052105264	
AcDbLine	_ARQ	394.143276409372	61.0280712059774	
AcDbLine	_ARQ	394.143276409372	60.8280712059774	
AcDbLine	_ARQ	392.787019882699	61.0280712059774	
AcDbText	_ELT-PONTO-TEXTO	401.244141130135	57.6130059711068	
AcDbLine	_ELT-PONTO	400.343276409372	57.5645018476563	
AcDbLine	_ELT-PONTO	400.84427606061	57.5645018476563	
AcDbText	_ARQ-TEXTO	401.913988821335	57.5771241913452	
AcDbLine	_ARQ	400.343276409372	60.8280712059774	
AcDbLine	_ELT-PONTO	400.979968947098	54.9011273091616	
AcDbLine	_ARQ	400.343276409372	52.206835810162	
AcDbLine	_ARQ	400.343276409372	55.5988683178439	
AcDbCircle	_ELT-PONTO	407.475457100737	57.0337514197388	
AcDbCircle	_ELT-PONTO	407.475457100737	57.0337514197388	
AcDbCircle	_ELT-PONTO	407.475457100737	56.5500637414991	
AcDbCircle	_ELT-PONTO	407.475457100737	56.5500637414991	
AcDbCircle	_ELT-PONTO	407.475457100737	56.1367302948873	
AcDbCircle	_ELT-PONTO	407.475457100737	56.1367302948873	
AcDbLine	_ELT-PONTO	407.382387294219	54.1893656138004	
AcDbLine	_ARQ	401.297906404656	61.0259952895328	
AcDbLine	_ARQ	400.343276409372	60.8280712059774	
AcDbLine	_ARQ	401.297906404656	60.8280712059774	
AcDbLine	_ARQ	403.507906404656	61.0259952895328	
AcDbLine	_ARQ	410.143276409372	61.0280712059774	
AcDbLine	_ARQ	410.058689901923	51.5410645402064	
AcDbLine	_ARQ	410.005433401917	51.5410645402064	
AcDbText	_ELT-PONTO-TEXTO	408.525269435066	51.8370344044803	
AcDbLine	_ARQ	409.943276409372	60.8280712059775	
AcDbLine	_ARQ	409.943276409372	50.8280712059774	
AcDbLine	_ARQ	410.058689901923	40.1211777770467	
AcDbLine	_ARQ	410.005433401917	40.1211777770467	
AcDbLine	_ARQ	410.143276409372	35.4048818168762	
AcDbLine	_ARQ	410.005433401917	31.2507719943025	
AcDbLine	_ARQ	410.058689901923	31.2507719943025	
AcDbLine	_ARQ	410.143276409372	31.2507719943025	
AcDbLine	_ARQ	409.940510413921	34.4507719943025	
AcDbLine	_ARQ	409.943276409372	30.7415075965015	
AcDbLine	_ARQ	409.943276409372	34.6820567653097	
AcDbLine	_ARQ	409.943276409372	30.7415075965015	
AcDbLine	_ARQ	409.943276409372	29.2415075965015	
AcDbLine	_ARQ	409.943276409372	37.4048818168762	
AcDbLine	_ARQ	409.943276409372	35.4048818168762	
AcDbLine	_ARQ	409.943276409372	37.4048818168762	
AcDbLine	_ARQ	410.143276409372	40.1211777770467	
AcDbLine	_ARQ	409.943276409372	35.4048818168762	
AcDbLine	_ARQ	410.005433401917	45.2105536566095	
AcDbLine	_ARQ	410.058689901923	45.2105536566095	
AcDbLine	_ARQ	409.943276409372	43.3211777770467	
AcDbLine	_ARQ	410.143276409372	45.2105536566095	
AcDbLine	_ARQ	409.943276409372	48.4105536566095	
AcDbLine	_ARQ	409.940510413921	51.5410645402064	
AcDbText	_ELT-PONTO-TEXTO	409.192370484829	57.8876740593625	
AcDbText	_ELT-PONTO-TEXTO	409.454364730603	57.8876740593625	
AcDbLine	_ARQ	409.940510413921	52.7916925092919	
AcDbLine	_ARQ	410.008199397368	53.8528330857279	
AcDbLine	_ARQ	410.061455897374	53.8528330857279	
AcDbLine	_ARQ	409.943276409372	53.8528330857279	
AcDbLine	_ARQ	409.943276409372	55.1034610548134	
AcDbText	_ELT-PONTO-TEXTO	409.363258628437	55.9987233514243	
AcDbCircle	_ELT-PONTO	408.679933488113	54.5853870261742	
AcDbCircle	_ELT-PONTO	408.679933488113	54.5853870261742	
AcDbCircle	_ELT-PONTO	407.671012882739	54.5853870261742	
AcDbCircle	_ELT-PONTO	408.178735046088	54.5853870261742	
AcDbCircle	_ELT-PONTO	408.178735046088	54.5853870261742	
AcDbLine	_ELT-PONTO	408.058026772857	53.778906126949	
AcDbLine	_ELT-PONTO	407.992692451132	53.778906126949	
AcDbLine	_ELT-PONTO	408.058026772857	53.778906126949	
AcDbLine	_ELT-PONTO	408.347840070093	53.778906126949	
AcDbLine	_ELT-PONTO	408.282505748368	53.778906126949	
AcDbLine	_ELT-PONTO	408.347840070093	53.778906126949	
AcDbLine	_ELT-PONTO	408.24353847066	53.9642908098066	
AcDbLine	_ELT-PONTO	408.641230859113	53.778906126949	
AcDbLine	_ELT-PONTO	408.575896537388	53.778906126949	
AcDbLine	_ELT-PONTO	408.641230859113	53.778906126949	
AcDbLine	_ELT-PONTO	407.607387294218	54.899806983529	
AcDbLine	_ELT-PONTO	408.723170135916	53.9643656138007	
AcDbLine	_ELT-PONTO	407.738245936021	53.778906126949	
AcDbLine	_ELT-PONTO	407.672911614296	53.778906126949	
AcDbLine	_ELT-PONTO	407.738245936021	53.778906126949	
AcDbLine	_ELT-PONTO	408.948170135916	54.6748069835291	
AcDbText	_ELT-PONTO-TEXTO	409.695510019309	54.0568661237132	
AcDbCircle	_ELT-PONTO	408.537279548173	58.3324262965594	
AcDbCircle	_ELT-PONTO	408.045226724832	58.3324262965592	
AcDbCircle	_ELT-PONTO	408.537279548173	60.0064976343729	
AcDbText	_ELT-PONTO-TEXTO	409.454364730603	59.5831349175539	
AcDbText	_ELT-PONTO-TEXTO	409.192370484829	59.5831349175539	
AcDbCircle	_ELT-PONTO	408.045226724832	60.0064976343727	
AcDbLine	_ARQ	369.097261968704	60.8280712059774	
AcDbBlockReference	_ARQ	369.760008385332	60.8280712059774	
AcDbLine	_ARQ	360.41805908057	55.4988683178439	
AcDbLine	_ARQ	369.226464856837	61.4525155340583	
AcDbLine	_COTAS	400.140503925316	61.4525155340583	
AcDbLine	_COTAS	369.226464856837	62.1812556417879	
AcDbBlockReference	_ARQ	369.226464856837	62.1812556417879	
AcDbBlockReference	_COTAS	400.140503925316	62.1812556417879	
AcDbMText	_COTAS	384.717510069559	62.5172581092009	
AcDbLine	_ARQ	362.76805908057	13.3700037728281	
AcDbLine	_COTAS	356.76805908057	13.894448100909	
AcDbLine	_COTAS	362.76805908057	12.6426871409709	
AcDbBlockReference	_ARQ	362.76805908057	12.6426871409709	
AcDbBlockReference	_ARQ	356.76805908057	12.6426871409709	
AcDbMText	_COTAS	359.76805908057	12.8176871409709	
AcDbText	_ARQ-TEXTO	401.960436696613	25.685512070977	
AcDbBlockReference	_ELT-LUMINARIAS	405.143276409372	48.8380712059774	220VA=440VA|L34=L1|QDL5=QDL1|
AcDbBlockReference	_ELT-LUMINARIAS	396.058393039762	41.825636615867	L34=L10|QDL5=QDL22|990VA=500VA|
AcDbBlockReference	_ELT-LUMINARIAS	405.143276409372	44.8580712059774	220VA=440VA|L34=L1|QDL5=QDL1|
AcDbBlockReference	_ELT-LUMINARIAS	405.143276409372	40.8780712059774	220VA=440VA|L34=L1|QDL5=QDL1|
AcDbBlockReference	_ELT-LUMINARIAS	405.143276409372	36.8980712059774	220VA=440VA|L34=L1|QDL5=QDL1|
AcDbBlockReference	_ELT-LUMINARIAS	402.743276409372	33.1320567653097	220VA=440VA|L34=L2|QDL5=QDL2|
AcDbBlockReference	_ELT-LUMINARIAS	407.543276409372	33.1320567653097	220VA=440VA|L34=L2|QDL5=QDL2|
AcDbBlockReference	_ELT-LUMINARIAS	402.743276409372	30.0420567653097	220VA=440VA|L34=L2|QDL5=QDL2|
AcDbBlockReference	_ELT-LUMINARIAS	407.543276409372	30.0420567653097	220VA=440VA|L34=L2|QDL5=QDL2|
AcDbCircle	_ELT-LUMINARIAS	394.008257086257	34.8328503551613	
AcDbLine	_ELT-LUMINARIAS	393.33740165556	34.8328503551613	
AcDbLine	_ELT-LUMINARIAS	393.920506658512	34.8328503551613	
AcDbBlockReference	_ELT-LUMINARIAS	402.743276409372	26.9520567653097	220VA=440VA|L34=L2|QDL5=QDL2|
AcDbBlockReference	_ELT-LUMINARIAS	407.543276409373	26.9520567653097	220VA=440VA|L34=L2|QDL5=QDL2|
AcDbBlockReference	_ELT-LUMINARIAS	397.143276409372	20.0888924289899	220VA=440VA|L34=L3|QDL5=QDL3|
AcDbBlockReference	_ELT-LUMINARIAS	397.143276409372	16.0288924289899	220VA=440VA|L34=L3|QDL5=QDL3|
AcDbLine	_COTAS	394.143276409372	22.1188924289899	
AcDbLine	_ARQ	409.943276409372	34.6820567653097	
AcDbMText	_ARQ-TEXTO	397.638462839925	19.3665143718172	
AcDbMText	_ARQ-TEXTO	403.603473109569	19.6182262570903	
AcDbBlockReference	_ELT-LUMINARIAS	402.743276409372	22.3758989404648	220VA=440VA|L34=L3|QDL5=QDL3|
AcDbBlockReference	_ELT-LUMINARIAS	407.543276409372	22.3758989404648	220VA=440VA|L34=L3|QDL5=QDL3|
AcDbBlockReference	_ELT-LUMINARIAS	402.743276409372	16.7858989404648	220VA=440VA|L34=L3|QDL5=QDL3|
AcDbBlockReference	_ELT-LUMINARIAS	407.543276409372	16.7858989404648	220VA=440VA|L34=L3|QDL5=QDL3|
AcDbLine	_COTAS	362.997261968704	13.994448100909	
AcDbBlockReference	_ELT-LUMINARIAS	365.207261968704	16.024448100909	220VA=440VA|L34=L5|QDL5=QDL4|
AcDbBlockReference	_ELT-LUMINARIAS	365.207261968704	20.084448100909	220VA=440VA|L34=L4|QDL5=QDL4|
AcDbBlockReference	_ELT-LUMINARIAS	369.627261968704	20.084448100909	220VA=440VA|L34=L4|QDL5=QDL4|
AcDbBlockReference	_ELT-LUMINARIAS	369.627261968704	16.024448100909	220VA=440VA|L34=L5|QDL5=QDL4|
AcDbBlockReference	_ELT-LUMINARIAS	374.047261968704	20.084448100909	220VA=440VA|L34=L4|QDL5=QDL4|
AcDbBlockReference	_ELT-LUMINARIAS	374.047261968704	16.024448100909	220VA=440VA|L34=L5|QDL5=QDL4|
AcDbBlockReference	_ELT-LUMINARIAS	378.467261968704	20.084448100909	220VA=440VA|L34=L4|QDL5=QDL4|
AcDbBlockReference	_ELT-LUMINARIAS	378.467261968704	16.024448100909	220VA=440VA|L34=L5|QDL5=QDL4|
AcDbBlockReference	_ELT-LUMINARIAS	382.887261968704	20.084448100909	220VA=440VA|L34=L4|QDL5=QDL4|
AcDbBlockReference	_ELT-LUMINARIAS	382.887261968704	16.024448100909	220VA=440VA|L34=L5|QDL5=QDL4|
AcDbBlockReference	_ELT-LUMINARIAS	387.307261968704	20.084448100909	220VA=440VA|L34=L4|QDL5=QDL4|
AcDbBlockReference	_ELT-LUMINARIAS	387.307261968704	16.024448100909	220VA=440VA|L34=L5|QDL5=QDL4|
AcDbText	_ELT-PONTO-TEXTO	406.130280958935	35.5748120229899	
AcDbLine	_ELT-PONTO	405.542895501029	35.5479521911696	
AcDbLine	_ELT-PONTO	405.542895501029	34.0453642275833	
AcDbText	_ELT-PONTO-TEXTO	406.130280958935	33.7217755087347	
AcDbLine	_ELT-PONTO	409.306583871645	24.5900578745649	
AcDbText	_ELT-PONTO-TEXTO	409.190026586318	23.328523512259	
AcDbLine	_ELT-PONTO	383.689771092049	22.9555849667163	
AcDbText	_ELT-PONTO-TEXTO	382.325684992784	23.0721422520434	
AcDbBlockReference	_ELT-ELETROCALHAS	405.217936873672	46.8432776978713	C=L1|B=# 3x1,5 - (FNT)|
AcDbLine	_ELT-ELETROCALHAS	406.489351188299	36.820279459952	
AcDbLine	_ELT-ELETROCALHAS	406.639353107069	36.9702808420558	
AcDbBlockReference	_ELT-ELETROCALHAS	405.213087150921	42.8632930543592	C=L1|B=# 3x1,5 - (FNT)|
AcDbBlockReference	_ELT-ELETROCALHAS	405.213087150921	38.8832930543592	C=L1|B=# 3x1,5 - (FNT)|
AcDbBlockReference	_ELT-ELETROCALHAS	406.29432818068	33.1014508589917	C=L2|B=# 3x1,5 - (FNT)|
AcDbBlockReference	_ELT-ELETROCALHAS	402.815672568848	31.5854924077995	C=L2|B=# 3x1,5 - (FNT)|
AcDbBlockReference	_ELT-ELETROCALHAS	407.615672568848	31.5854924077995	C=L2|B=# 3x1,5 - (FNT)|
AcDbBlockReference	_ELT-ELETROCALHAS	407.615672568848	28.2187492526885	C=L2|B=# 3x1,5 - (FNT)|
AcDbBlockReference	_ELT-ELETROCALHAS	402.815672568848	28.4954924077995	C=L2|B=# 3x1,5 - (FNT)|
AcDbLine	_ELT-ELETROCALHAS	406.639353107069	36.9702808420558	
AcDbLine	_ELT-ELETROCALHAS	406.489356745232	35.5479521911696	
AcDbLine	_ELT-ELETROCALHAS	406.777474788351	33.2070567653097	
AcDbLine	_ELT-ELETROCALHAS	406.777474788351	33.0570567653097	
AcDbBlockReference	_ELT-ELETROCALHAS	405.139727500087	27.0261740523561	C=L2|B=# 3x1,5 - (FNT)|
AcDbLine	_ELT-ELETROCALHAS	406.463064347455	33.2070567653097	
AcDbLine	_ELT-ELETROCALHAS	406.29432818068	33.0570567653097	
AcDbLine	_ELT-ELETROCALHAS	409.306583871645	23.7448750524939	
AcDbLine	_ELT-ELETROCALHAS	409.306583871645	23.5948750524939	
AcDbLine	_ELT-ELETROCALHAS	407.468276409372	23.1417005614856	
AcDbLine	_ELT-ELETROCALHAS	407.618276409372	23.1417005614855	
AcDbBlockReference	_ELT-ELETROCALHAS	407.468276409372	23.7189768872934	C=L3|B=# 3x1,5 - (FNT)|
AcDbBlockReference	_ELT-ELETROCALHAS	404.142821196599	22.4500162275112	C=L3|B=# 3x1,5 - (FNT)|
AcDbBlockReference	_ELT-ELETROCALHAS	407.615672927588	19.5791797223137	C=L3|B=# 3x1,5 - (FNT)|
AcDbBlockReference	_ELT-ELETROCALHAS	402.815672927588	19.5791797223137	C=L3|B=# 3x1,5 - (FNT)|
AcDbBlockReference	_ELT-ELETROCALHAS	400.339727500087	16.8600162275112	C=L3|B=# 3x1,5 - (FNT)|
AcDbLine	_ELT-ELETROCALHAS	397.909078030392	16.1038924289899	
AcDbLine	_ELT-ELETROCALHAS	397.909078030392	15.9538924289899	
AcDbLine	_ELT-ELETROCALHAS	398.044219187019	16.1038924289899	
AcDbLine	_ELT-ELETROCALHAS	398.194219187019	16.7108989404648	
AcDbLine	_ELT-ELETROCALHAS	398.194219187019	16.7108989404648	
AcDbLine	_ELT-ELETROCALHAS	398.044219187019	16.8608989404648	
AcDbBlockReference	_ELT-ELETROCALHAS	397.215672927588	17.2921732108388	C=L3|B=# 3x1,5 - (FNT)|
AcDbBlockReference	_COTAS	383.532303964433	21.5518473405721	B=# 3x2,5 - (FNT)|C=L4|
AcDbBlockReference	_COTAS	384.500518706777	21.5518473405721	B=# 3x2,5 - (FNT)|C=L5|
AcDbBlockReference	_ELT-ELETROCALHAS	382.959616696209	18.0527872458395	C=L5|B=# 3x2,5 - (FNT)|
AcDbBlockReference	_ELT-ELETROCALHAS	380.340640342607	16.099448100909	C=L5|B=# 3x2,5 - (FNT)|
AcDbBlockReference	_ELT-ELETROCALHAS	384.732261968704	16.099448100909	C=L5|B=# 3x2,5 - (FNT)|
AcDbBlockReference	_ELT-ELETROCALHAS	375.892261968704	16.099448100909	C=L5|B=# 3x2,5 - (FNT)|
AcDbBlockReference	_ELT-ELETROCALHAS	371.367057928713	16.099448100909	C=L5|B=# 3x2,5 - (FNT)|
AcDbBlockReference	_ELT-ELETROCALHAS	367.118364635689	16.099448100909	C=L5|B=# 3x2,5 - (FNT)|
AcDbBlockReference	_ELT-ELETROCALHAS	384.732261968704	20.159448100909	C=L4|B=# 3x2,5 - (FNT)|
AcDbBlockReference	_ELT-ELETROCALHAS	380.312261968704	20.159448100909	C=L4|B=# 3x2,5 - (FNT)|
AcDbBlockReference	_ELT-ELETROCALHAS	375.879980027022	20.159448100909	C=L4|B=# 3x2,5 - (FNT)|
AcDbBlockReference	_ELT-ELETROCALHAS	371.472261968704	20.159448100909	C=L4|B=# 3x2,5 - (FNT)|
AcDbBlockReference	_ELT-ELETROCALHAS	366.672299331903	20.159448100909	C=L4|B=# 3x2,5 - (FNT)|
AcDbText	_ELT-PONTO-TEXTO	400.295223934115	47.6217937754928	
AcDbLine	_ELT-ELETROCALHAS	400.143276409372	47.6989049215668	
AcDbLine	_ELT-ELETROCALHAS	400.143276409372	47.8489049215668	
AcDbLine	_ELT-ELETROCALHAS	401.80117606354	47.8489049215668	
AcDbLine	_ELT-ELETROCALHAS	405.542895501029	35.2296059223064	
AcDbLine	_ELT-ELETROCALHAS	405.542895501029	35.0796059223064	
AcDbLine	_ELT-ELETROCALHAS	405.542895501029	34.441638417987	
AcDbLine	_ELT-ELETROCALHAS	405.542895501029	34.291638417987	
AcDbLine	_ELT-ELETROCALHAS	401.381639602921	34.441638417987	
AcDbLine	_ELT-ELETROCALHAS	401.231639602921	34.291638417987	
AcDbLine	_ELT-ELETROCALHAS	401.381639602921	47.5829658546364	
AcDbLine	_ELT-ELETROCALHAS	401.231639602921	47.4329658546364	
AcDbLine	_ELT-ELETROCALHAS	400.803957447819	47.1311201794097	
AcDbLine	_ELT-ELETROCALHAS	400.143276409372	47.2811201794097	
AcDbLine	_ELT-ELETROCALHAS	409.699930140508	24.5900578745649	
AcDbLine	_ELT-ELETROCALHAS	409.549930140508	24.5900578745649	
AcDbLine	_ELT-ELETROCALHAS	409.549930140508	24.864424271389	
AcDbLine	_ELT-ELETROCALHAS	409.699930140508	25.014424271389	
AcDbLine	_ELT-ELETROCALHAS	399.998006383745	47.0622123838403	
AcDbLine	_ELT-ELETROCALHAS	399.848006383745	47.0622123838403	
AcDbLine	_ELT-ELETROCALHAS	383.689771092049	22.7122386978531	
AcDbLine	_ELT-ELETROCALHAS	383.689771092049	22.5622386978531	
AcDbText	_ELT-PONTO-TEXTO	400.295223934115	49.3855844515471	
AcDbLine	_ELT-ELETROCALHAS	400.803957447819	47.1311201794097	
AcDbLine	_ELT-ELETROCALHAS	401.65117606354	47.6989049215668	
AcDbLine	_ELT-ELETROCALHAS	400.953957447819	47.2811201794097	
AcDbLine	_ARQ	400.140503925316	87.9716517684159	
AcDbLine	_ARQ	375.226464856837	79.4472074403349	
AcDbLine	_ARQ	393.914073521238	126.480830545403	
AcDbLine	_ARQ	369.226464856837	126.680830545403	
AcDbLine	_ARQ	409.943276409372	79.647207440335	
AcDbLine	_ARQ	356.76805908057	124.174868801518	
AcDbLine	_ARQ	356.538856192436	95.1056132166021	
AcDbLine	_ARQ	362.76805908057	87.7716517684159	
AcDbLine	_ARQ	362.76805908057	79.4472074403349	
AcDbLine	_ARQ	356.649879592567	83.8680032943358	
AcDbLine	_ARQ	356.703136092574	83.8680032943358	
AcDbLine	_ARQ	356.538856192436	84.647207440335	
AcDbLine	_ARQ	356.76805908057	86.611425682621	
AcDbLine	_ARQ	356.76805908057	80.6680032943358	
AcDbLine	_ARQ	356.538856192436	89.8764103284685	
AcDbLine	_ARQ	356.565293085119	83.8680032943358	
AcDbLine	_ARQ	356.538856192436	87.611425682621	
AcDbLine	_ARQ	356.538856192436	86.611425682621	
AcDbLine	_ARQ	356.565293085119	94.1289107501877	
AcDbLine	_ARQ	356.76805908057	90.9289107501877	
AcDbLine	_ARQ	356.649879592567	94.1289107501877	
AcDbLine	_ARQ	356.703136092574	94.1289107501877	
AcDbLine	_ARQ	362.76805908057	87.447207440335	
AcDbLine	_ARQ	362.997261968704	86.447207440335	
AcDbLine	_ARQ	364.503172112176	79.5317939477832	
AcDbLine	_ARQ	364.503172112176	79.58505044779	
AcDbLine	_ARQ	368.997261968704	79.4472074403349	
AcDbLine	_ARQ	364.503172112176	79.4472074403349	
AcDbLine	_ARQ	367.703172112176	79.649973435786	
AcDbLine	_ARQ	368.997261968704	87.7716517684159	
AcDbText	_ARQ-TEXTO	359.037013279458	83.6824160773719	
AcDbLine	_ARQ	362.76805908057	86.447207440335	
AcDbLine	_ARQ	362.76805908057	87.447207440335	
AcDbLine	_ARQ	369.724790884076	87.7716517684159	
AcDbLine	_ARQ	369.724790884076	87.9716517684159	
AcDbLine	_ARQ	360.26805908057	117.093958137412	
AcDbLine	_ARQ	360.41805908057	117.093958137412	
AcDbLine	_ARQ	359.607315021011	119.07662765727	
AcDbText	_ARQ-TEXTO	358.879100046559	119.256445356806	
AcDbLine	_ARQ	356.76805908057	121.25162765727	
AcDbLine	_ARQ	356.538856192436	121.25162765727	
AcDbLine	_ARQ	360.26805908057	116.05162765727	
AcDbLine	_ARQ	356.76805908057	115.90162765727	
AcDbLine	_ARQ	356.76805908057	117.10162765727	
AcDbLine	_ARQ	358.11805908057	117.05162765727	
AcDbLine	_ARQ	356.538856192436	110.793221881003	
AcDbLine	_ARQ	356.538856192436	100.334816104736	
AcDbLine	_ARQ	356.538856192436	105.564018992869	
AcDbLine	_ARQ	356.703136092574	104.587316526455	
AcDbLine	_ARQ	356.649879592567	104.587316526455	
AcDbLine	_ARQ	356.76805908057	101.387316526455	
AcDbLine	_ARQ	356.565293085119	104.587316526455	
AcDbLine	_ARQ	356.538856192436	116.022424769136	
AcDbLine	_ARQ	356.649879592567	115.045722302722	
AcDbLine	_ARQ	356.703136092574	115.045722302722	
AcDbLine	_ARQ	356.76805908057	111.845722302722	
AcDbLine	_ARQ	356.565293085119	115.045722302722	
AcDbText	_ARQ-TEXTO	370.248218600393	102.585456185048	
AcDbLine	_ARQ	360.26805908057	116.05162765727	
AcDbLine	_ARQ	360.41805908057	115.90162765727	
AcDbLine	_ARQ	360.41805908057	117.093958137412	
AcDbLine	_ARQ	360.41805908057	116.193958137412	
AcDbLine	_ARQ	360.26805908057	117.259694927432	
AcDbLine	_ARQ	358.11805908057	116.35162765727	
AcDbLine	_ARQ	360.41805908057	115.90162765727	
AcDbLine	_ARQ	358.06805908057	117.10162765727	
AcDbLine	_ARQ	358.06805908057	117.40162765727	
AcDbLine	_ARQ	358.11805908057	117.40162765727	
AcDbLine	_ARQ	358.06805908057	116.35162765727	
AcDbLine	_ARQ	358.06805908057	116.05162765727	
AcDbLine	_ARQ	358.11805908057	119.15162765727	
AcDbLine	_ARQ	356.76805908057	119.20162765727	
AcDbLine	_ARQ	356.76805908057	120.25162765727	
AcDbLine	_ARQ	358.11805908057	120.20162765727	
AcDbLine	_ARQ	360.26805908057	121.25162765727	
AcDbLine	_ARQ	358.11805908057	118.10162765727	
AcDbLine	_ARQ	356.76805908057	118.15162765727	
AcDbLine	_ARQ	356.76805908057	121.25162765727	
AcDbLine	_ARQ	356.76805908057	121.480830545403	
AcDbLine	_ARQ	356.76805908057	126.680830545403	
AcDbLine	_ARQ	356.703136092574	123.667386925668	
AcDbLine	_ARQ	356.649879592567	123.667386925668	
AcDbLine	_ARQ	356.538856192436	126.480830545403	
AcDbLine	_ARQ	356.998021611053	118.584181900442	
AcDbLine	_ARQ	356.76805908057	118.633794181346	
AcDbCircle	_ARQ	357.08208534256	118.608988040894	
AcDbLine	_ARQ	356.998021611053	118.633794181346	
AcDbLine	_ARQ	356.998021611053	119.664136883705	
AcDbLine	_ARQ	356.76805908057	119.713749164609	
AcDbCircle	_ARQ	357.08208534256	119.688943024157	
AcDbLine	_ARQ	356.998021611053	119.713749164609	
AcDbLine	_ARQ	356.76805908057	120.75162765727	
AcDbLine	_ARQ	356.998021611053	120.75162765727	
AcDbLine	_ARQ	356.998021611053	120.702015376366	
AcDbCircle	_ARQ	357.08208534256	120.726821516818	
AcDbLine	_ARQ	356.76805908057	121.773542190134	
AcDbLine	_ARQ	356.578310825566	124.174868801518	
AcDbLine	_ARQ	356.60404185613	124.174868801518	
AcDbLine	_ARQ	356.76805908057	126.480830545403	
AcDbLine	_ARQ	356.565293085119	123.667386925668	
AcDbLine	_ARQ	356.538856192437	126.174868801518	
AcDbLine	_ARQ	356.538856192437	124.174868801518	
AcDbText	_ARQ-TEXTO	363.744527627915	122.513112704332	
AcDbLine	_ARQ	362.997261968704	121.480830545403	
AcDbLine	_ARQ	364.670208330164	126.615907557407	
AcDbLine	_ARQ	364.670208330164	126.562651057401	
AcDbLine	_ARQ	362.997261968704	126.680830545403	
AcDbLine	_ARQ	360.208247139445	120.573037716112	
AcDbLine	_ARQ	359.655857381054	121.194700466268	
AcDbLine	_ARQ	360.222864810749	119.997533072116	
AcDbLine	_ARQ	359.968650764531	118.105639274403	
AcDbLine	_ARQ	360.164566619565	118.083620432663	
AcDbLine	_ARQ	359.968650764531	118.083620432663	
AcDbCircle	_ARQ	360.199698602929	118.092920983208	
AcDbCircle	_ARQ	360.199698602929	118.092920983208	
AcDbLine	_ARQ	360.220249441883	118.092920983208	
AcDbLine	_ARQ	360.220249441883	118.09156396781	
AcDbLine	_ARQ	360.220249441883	118.094277998606	
AcDbLine	_ARQ	360.198341587531	118.056578769523	
AcDbLine	_ARQ	360.201055618327	118.056578769523	
AcDbLine	_ARQ	360.199698602929	118.056578769523	
AcDbLine	_ARQ	360.199698602929	118.113471822161	
AcDbLine	_ARQ	360.201055618327	118.113471822161	
AcDbLine	_ARQ	360.198341587531	118.113471822161	
AcDbLine	_ARQ	360.214382085063	118.078326681019	
AcDbLine	_ARQ	360.213295446929	118.077511154691	
AcDbLine	_ARQ	360.215213275291	118.079443894383	
AcDbLine	_ARQ	360.179147763975	118.09156396781	
AcDbLine	_ARQ	360.179147763975	118.094277998606	
AcDbLine	_ARQ	360.179147763975	118.092920983208	
AcDbLine	_ARQ	360.174914357499	118.119603783119	
AcDbLine	_ARQ	360.172996529137	118.117671043426	
AcDbLine	_ARQ	360.17408316727	118.118486569754	
AcDbLine	_ARQ	360.213463193521	118.108217083065	
AcDbLine	_ARQ	360.215382303101	118.106297973485	
AcDbLine	_ARQ	360.214422748311	118.107257528275	
AcDbLine	_ARQ	360.173891597709	118.067333163472	
AcDbLine	_ARQ	360.174851152499	118.066373608682	
AcDbLine	_ARQ	360.172932042919	118.068292718262	
AcDbLine	_ARQ	360.26805908057	119.07662765727	
AcDbLine	_ARQ	358.11805908057	119.50162765727	
AcDbLine	_ARQ	358.06805908057	119.50162765727	
AcDbLine	_ARQ	358.06805908057	119.20162765727	
AcDbLine	_ARQ	358.06805908057	120.25162765727	
AcDbLine	_ARQ	358.06805908057	120.55162765727	
AcDbLine	_ARQ	358.11805908057	120.55162765727	
AcDbLine	_ARQ	358.11805908057	118.45162765727	
AcDbLine	_ARQ	358.06805908057	118.45162765727	
AcDbLine	_ARQ	358.06805908057	118.15162765727	
AcDbText	_ARQ-TEXTO	357.466082244954	122.461912099867	
AcDbLine	_ARQ	362.76805908057	123.507429325844	
AcDbLine	_ARQ	362.997261968704	123.507429325844	
AcDbLine	_ARQ	362.76805908057	123.507429325844	
AcDbLine	_ARQ	361.311553886998	126.683596540854	
AcDbLine	_ARQ	358.111553886998	126.480830545403	
AcDbLine	_ARQ	358.111553886998	126.565417052852	
AcDbLine	_ARQ	358.111553886998	126.618673552858	
AcDbLine	_ARQ	362.76805908057	126.480830545403	
AcDbLine	_ARQ	362.997261968704	126.480830545403	
AcDbLine	_ARQ	362.76805908057	125.507429325844	
AcDbLine	_ARQ	364.670208330164	126.478064549952	
AcDbLine	_ARQ	368.997261968704	123.774819441599	
AcDbLine	_ARQ	369.226464856837	123.774819441599	
AcDbLine	_ARQ	368.997261968704	123.774819441599	
AcDbLine	_ARQ	368.997261968704	126.480830545403	
AcDbLine	_ARQ	369.226464856837	126.480830545403	
AcDbLine	_ARQ	368.997261968704	125.774819441599	
AcDbLine	_ARQ	367.870208330164	126.680830545403	
AcDbLine	_ARQ	409.943276409372	94.8942669359274	
AcDbLine	_ARQ	410.143276409372	94.8942669359275	
AcDbLine	_ARQ	400.143276409372	126.480830545403	
AcDbLine	_ARQ	400.343276409372	100.334816104736	
AcDbLine	_ARQ	409.940503925316	79.4472074403349	
AcDbLine	_ARQ	400.343276409372	90.8286582798908	
AcDbLine	_ARQ	400.343276409372	91.052318502327	
AcDbLine	_ARQ	389.126012683791	79.58505044779	
AcDbLine	_ARQ	389.126012683791	79.5317939477832	
AcDbLine	_ARQ	393.914073521238	79.4472074403349	
AcDbLine	_ARQ	393.914073521238	87.7716517684159	
AcDbLine	_ARQ	387.684870633104	79.4472074403349	
AcDbLine	_ARQ	376.961577888443	79.58505044779	
AcDbLine	_ARQ	376.961577888443	79.5317939477832	
AcDbLine	_ARQ	381.455667744971	79.4472074403349	
AcDbLine	_ARQ	376.961577888443	79.4472074403349	
AcDbLine	_ARQ	380.161577888443	79.649973435786	
AcDbLine	_ARQ	389.126012683791	79.4472074403349	
AcDbLine	_ARQ	387.684870633104	87.7716517684159	
AcDbLine	_ARQ	381.455667744971	87.7716517684159	
AcDbLine	_ARQ	375.226464856837	87.7716517684159	
AcDbLine	_ARQ	374.678169546081	87.9716517684159	
AcDbLine	_ARQ	393.914073521238	87.447207440335	
AcDbLine	_ARQ	394.143276409372	85.447207440335	
AcDbLine	_ARQ	400.140503925316	79.4472074403349	
AcDbLine	_ARQ	392.326012683791	79.649973435786	
AcDbLine	_ARQ	395.307017597264	79.5317939477832	
AcDbLine	_ARQ	395.307017597264	79.58505044779	
AcDbLine	_ARQ	395.307017597264	79.4472074403349	
AcDbLine	_ARQ	398.507017597264	79.649973435786	
AcDbLine	_ARQ	407.183785308541	79.649973435786	
AcDbLine	_ARQ	403.983785308541	79.4472074403349	
AcDbLine	_ARQ	403.983785308541	79.58505044779	
AcDbLine	_ARQ	403.983785308541	79.5317939477832	
AcDbLine	_ARQ	400.143276409372	87.7716517684159	
AcDbLine	_ARQ	394.143276409372	85.447207440335	
AcDbLine	_ARQ	400.343276409372	90.8286582798908	
AcDbLine	_ARQ	400.343276409372	94.1650640477939	
AcDbLine	_ARQ	409.943276409372	90.8286582798908	
AcDbLine	_ARQ	409.943276409372	84.6731229400393	
AcDbLine	_ARQ	410.143276409372	94.1650640477939	
AcDbLine	_ARQ	409.943276409372	82.7031229400393	
AcDbLine	_ARQ	409.943276409372	84.7031229400393	
AcDbLine	_ARQ	409.943276409372	93.7725232869786	
AcDbLine	_ARQ	410.146042404823	91.5186902555233	
AcDbLine	_ARQ	410.061455897374	91.5186902555233	
AcDbLine	_ARQ	410.008199397368	91.5186902555233	
AcDbCircle	_ELT-PONTO	407.502780465205	124.013777136568	
AcDbCircle	_ELT-PONTO	407.502780465205	125.687848474381	
AcDbLine	_ARQ	406.652348340508	124.900635007211	
AcDbLine	_ARQ	406.652348340508	124.750635007211	
AcDbLine	_ARQ	406.652348340508	118.900635007212	
AcDbLine	_ARQ	406.652348340508	119.050635007211	
AcDbLine	_ARQ	406.652348340508	123.100635007212	
AcDbLine	_ARQ	406.652348340508	123.250635007211	
AcDbLine	_ARQ	406.652348340508	121.300635007211	
AcDbLine	_ARQ	406.652348340508	121.150635007212	
AcDbCircle	_ELT-PONTO	407.671012882739	120.2381463656	
AcDbLine	_ARQ	409.943276409372	116.680830545403	
AcDbLine	_ARQ	400.343276409372	116.480830545403	
AcDbLine	_ARQ	400.343276409372	126.680830545403	
AcDbLine	_ARQ	403.507906404656	126.480830545403	
AcDbLine	_ARQ	409.943276409372	100.564018992869	
AcDbLine	_ARQ	406.652348340508	116.680830545403	
AcDbLine	_ARQ	406.599950061675	116.680830545403	
AcDbLine	_ARQ	400.343276409372	110.793221881003	
AcDbText	_ARQ-TEXTO	402.451637436407	105.126394442972	
AcDbLine	_ARQ	400.343276409372	105.564018992869	
AcDbLine	_ARQ	400.343276409372	116.022424769136	
AcDbLine	_ARQ	400.143276409372	116.859595149588	
AcDbLine	_ARQ	400.343276409372	116.859595149588	
AcDbLine	_ARQ	400.343276409372	116.480830545403	
AcDbLine	_ARQ	389.587019882699	126.615907557407	
AcDbLine	_ARQ	389.587019882699	126.562651057401	
AcDbLine	_ARQ	387.914073521238	126.680830545403	
AcDbLine	_ARQ	381.684870633104	126.680830545403	
AcDbLine	_ARQ	377.128614106431	126.562651057401	
AcDbLine	_ARQ	377.128614106431	126.615907557407	
AcDbLine	_ARQ	375.455667744971	126.680830545403	
AcDbLine	_ARQ	377.128614106431	126.478064549952	
AcDbLine	_ARQ	380.328614106431	126.680830545403	
AcDbLine	_ARQ	389.587019882699	126.478064549952	
AcDbLine	_ARQ	394.143276409372	126.680830545403	
AcDbLine	_ARQ	394.143276409372	126.480830545403	
AcDbLine	_ARQ	392.787019882699	126.680830545403	
AcDbText	_ELT-PONTO-TEXTO	401.244141130135	123.265765310533	
AcDbLine	_ELT-PONTO	400.343276409372	123.217261187082	
AcDbLine	_ELT-PONTO	400.84427606061	123.217261187082	
AcDbText	_ARQ-TEXTO	401.913988821335	123.229883530771	
AcDbLine	_ARQ	400.343276409372	126.480830545403	
AcDbLine	_ELT-PONTO	400.979968947098	120.553886648588	
AcDbLine	_ARQ	400.343276409372	117.859595149588	
AcDbLine	_ARQ	400.343276409372	121.25162765727	
AcDbCircle	_ELT-PONTO	407.475457100737	122.686510759165	
AcDbCircle	_ELT-PONTO	407.475457100737	122.686510759165	
AcDbCircle	_ELT-PONTO	407.475457100737	122.202823080925	
AcDbCircle	_ELT-PONTO	407.475457100737	122.202823080925	
AcDbCircle	_ELT-PONTO	407.475457100737	121.789489634313	
AcDbCircle	_ELT-PONTO	407.475457100737	121.789489634313	
AcDbLine	_ELT-PONTO	407.382387294219	119.842124953226	
AcDbLine	_ARQ	401.297906404656	126.678754628959	
AcDbLine	_ARQ	400.343276409372	126.480830545403	
AcDbLine	_ARQ	401.297906404656	126.480830545403	
AcDbLine	_ARQ	403.507906404656	126.678754628959	
AcDbLine	_ARQ	410.143276409372	126.680830545403	
AcDbLine	_ARQ	410.058689901923	117.193823879632	
AcDbLine	_ARQ	410.005433401917	117.193823879632	
AcDbText	_ELT-PONTO-TEXTO	408.525269435066	117.489793743906	
AcDbLine	_ARQ	409.943276409372	126.480830545403	
AcDbLine	_ARQ	409.943276409372	116.480830545403	
AcDbLine	_ARQ	410.058689901923	105.773937116473	
AcDbLine	_ARQ	410.005433401917	105.773937116473	
AcDbLine	_ARQ	410.143276409372	101.057641156302	
AcDbLine	_ARQ	410.005433401917	96.9035313337285	
AcDbLine	_ARQ	410.058689901923	96.9035313337285	
AcDbLine	_ARQ	410.143276409372	96.9035313337285	
AcDbLine	_ARQ	409.940510413921	100.103531333728	
AcDbLine	_ARQ	409.943276409372	96.3942669359275	
AcDbLine	_ARQ	409.943276409372	100.334816104736	
AcDbLine	_ARQ	409.943276409372	96.3942669359275	
AcDbLine	_ARQ	409.943276409372	94.8942669359275	
AcDbLine	_ARQ	409.943276409372	103.057641156302	
AcDbLine	_ARQ	409.943276409372	101.057641156302	
AcDbLine	_ARQ	409.943276409372	103.057641156302	
AcDbLine	_ARQ	410.143276409372	105.773937116473	
AcDbLine	_ARQ	409.943276409372	101.057641156302	
AcDbLine	_ARQ	410.005433401917	110.863312996036	
AcDbLine	_ARQ	410.058689901923	110.863312996036	
AcDbLine	_ARQ	409.943276409372	108.973937116473	
AcDbLine	_ARQ	410.143276409372	110.863312996036	
AcDbLine	_ARQ	409.943276409372	114.063312996036	
AcDbLine	_ARQ	409.940510413921	117.193823879632	
AcDbText	_ELT-PONTO-TEXTO	409.192370484829	123.540433398788	
AcDbText	_ELT-PONTO-TEXTO	409.454364730603	123.540433398788	
AcDbLine	_ARQ	409.940510413921	118.444451848718	
AcDbLine	_ARQ	410.008199397368	119.505592425154	
AcDbLine	_ARQ	410.061455897374	119.505592425154	
AcDbLine	_ARQ	409.943276409372	119.505592425154	
AcDbLine	_ARQ	409.943276409372	120.756220394239	
AcDbText	_ELT-PONTO-TEXTO	409.363258628437	121.65148269085	
AcDbCircle	_ELT-PONTO	408.679933488113	120.2381463656	
AcDbCircle	_ELT-PONTO	408.679933488113	120.2381463656	
AcDbCircle	_ELT-PONTO	407.671012882739	120.2381463656	
AcDbCircle	_ELT-PONTO	408.178735046088	120.2381463656	
AcDbCircle	_ELT-PONTO	408.178735046088	120.2381463656	
AcDbLine	_ELT-PONTO	408.058026772857	119.431665466375	
AcDbLine	_ELT-PONTO	407.992692451132	119.431665466375	
AcDbLine	_ELT-PONTO	408.058026772857	119.431665466375	
AcDbLine	_ELT-PONTO	408.347840070093	119.431665466375	
AcDbLine	_ELT-PONTO	408.282505748368	119.431665466375	
AcDbLine	_ELT-PONTO	408.347840070093	119.431665466375	
AcDbLine	_ELT-PONTO	408.24353847066	119.617050149233	
AcDbLine	_ELT-PONTO	408.641230859113	119.431665466375	
AcDbLine	_ELT-PONTO	408.575896537388	119.431665466375	
AcDbLine	_ELT-PONTO	408.641230859113	119.431665466375	
AcDbLine	_ELT-PONTO	407.607387294218	120.552566322955	
AcDbLine	_ELT-PONTO	408.723170135916	119.617124953227	
AcDbLine	_ELT-PONTO	407.738245936021	119.431665466375	
AcDbLine	_ELT-PONTO	407.672911614296	119.431665466375	
AcDbLine	_ELT-PONTO	407.738245936021	119.431665466375	
AcDbLine	_ELT-PONTO	408.948170135916	120.327566322955	
AcDbText	_ELT-PONTO-TEXTO	409.695510019309	119.709625463139	
AcDbCircle	_ELT-PONTO	408.537279548173	123.985185635985	
AcDbCircle	_ELT-PONTO	408.045226724832	123.985185635985	
AcDbCircle	_ELT-PONTO	408.537279548173	125.659256973799	
AcDbText	_ELT-PONTO-TEXTO	409.454364730603	125.23589425698	
AcDbText	_ELT-PONTO-TEXTO	409.192370484829	125.23589425698	
AcDbCircle	_ELT-PONTO	408.045226724832	125.659256973799	
AcDbLine	_ARQ	369.097261968704	126.480830545403	
AcDbBlockReference	_ARQ	369.760008385332	126.480830545403	
AcDbLine	_ARQ	360.41805908057	121.15162765727	
AcDbLine	_ARQ	369.226464856837	127.105274873484	
AcDbLine	_COTAS	400.140503925316	127.105274873484	
AcDbLine	_COTAS	369.226464856837	127.834014981214	
AcDbBlockReference	_ARQ	369.226464856837	127.834014981214	
AcDbBlockReference	_COTAS	400.140503925316	127.834014981214	
AcDbMText	_COTAS	384.717510069559	128.170017448627	
AcDbLine	_ARQ	362.76805908057	79.0227631122541	
AcDbLine	_COTAS	356.76805908057	79.547207440335	
AcDbLine	_COTAS	362.76805908057	78.2954464803969	
AcDbBlockReference	_ARQ	362.76805908057	78.2954464803969	
AcDbBlockReference	_ARQ	356.76805908057	78.2954464803969	
AcDbMText	_COTAS	359.76805908057	78.4704464803969	
AcDbText	_ARQ-TEXTO	401.960436696613	91.816525463131	
AcDbLine	_ARQ	409.943276409372	100.334816104736	
AcDbMText	_ARQ-TEXTO	398.891914555762	83.7667279794024	
AcDbMText	_ARQ-TEXTO	403.603473109569	85.2709855965163	
AcDbText	_ELT-PONTO-TEXTO	406.130280958935	101.227571362416	
AcDbLine	_ELT-PONTO	405.542895501029	101.200711530596	
AcDbLine	_ELT-PONTO	405.542895501029	99.6981235670093	
AcDbText	_ELT-PONTO-TEXTO	406.130280958935	99.3745348481606	
AcDbLine	_ELT-PONTO	409.306583871645	90.2428172139909	
AcDbText	_ELT-PONTO-TEXTO	409.190026586318	88.981282851685	
AcDbText	_ELT-PONTO-TEXTO	400.295223934115	113.274553114919	
AcDbText	_ELT-PONTO-TEXTO	400.295223934115	114.923703295529	
AcDbBlockReference	_COTAS	409.943276409372	115.772204288851	
AcDbBlockReference	_COTAS	400.343276409372	103.064018992869	
AcDbBlockReference	_COTAS	409.943276409372	105.014682466134	
AcDbBlockReference	_COTAS	409.943276409372	104.415789136387	
AcDbBlockReference	_COTAS	400.343276409372	108.293221881003	
AcDbText	_ELT-PONTO-TEXTO	403.096447982101	101.227571362416	
AcDbLine	_ELT-PONTO	402.509062524195	101.200711530596	
AcDbLine	_ELT-PONTO	402.509062524195	99.6981235670093	
AcDbText	_ELT-PONTO-TEXTO	403.096447982101	99.3745348481606	
AcDbBlockReference	_COTAS	405.309391692006	91.052318502327	
AcDbBlockReference	_COTAS	404.710498362259	91.052318502327	
AcDbBlockReference	_COTAS	400.343276409372	97.3645415203316	
AcDbLine	_ELT-PONTO	409.306583871645	87.0164966792727	
AcDbText	_ELT-PONTO-TEXTO	409.190026586318	85.7549623169668	
AcDbBlockReference	_COTAS	398.989308932278	79.647207440335	
AcDbBlockReference	_COTAS	398.91698319404	87.7716517684159	
AcDbBlockReference	_COTAS	405.143276409372	90.8286582798908	
AcDbBlockReference	_COTAS	394.143276409372	81.9483141105883	
AcDbBlockReference	_COTAS	394.143276409372	82.547207440335	
AcDbBlockReference	_COTAS	393.914073521238	83.547207440335	
AcDbBlockReference	_COTAS	393.914073521238	84.1491016714711	
AcDbLine	_ELT-PONTO	378.968685617597	88.6083443061423	
AcDbText	_ELT-PONTO-TEXTO	377.707151255291	88.7249015914693	
AcDbBlockReference	_COTAS	384.684870633104	79.647207440335	
AcDbBlockReference	_COTAS	372.226464856837	79.647207440335	
AcDbBlockReference	_COTAS	362.997261968704	83.047207440335	
AcDbBlockReference	_COTAS	384.684870633104	87.7716517684159	
AcDbBlockReference	_COTAS	365.997261968704	87.7716517684159	
AcDbBlockReference	_ELT-ELETROCALHAS	406.639353107069	36.9702808420558	C=L1|B=# 3x1,5 - (FNT)|
AcDbLine	_ELT_ELETRODUTOS	403.429245346266	101.200711530596	
AcDbBlockReference	_ELT_ELETRODUTOS	401.770899531404	103.064018992869	B=# 3x2,5 - (FNT)|C=T1|
AcDbLine	_ELT_ELETRODUTOS	400.343276409372	103.064018992869	
AcDbLine	_ELT_ELETRODUTOS	403.440601608121	102.840523733927	
AcDbLine	_ELT_ELETRODUTOS	403.440601608121	104.415789136387	
AcDbLine	_ELT_ELETRODUTOS	409.92007356518	105.014682466134	
AcDbBlockReference	_ELT_ELETRODUTOS	404.770494741511	104.415789136387	B=# 3x2,5 - (FNT)|C=T1|
AcDbLine	_ELT_ELETRODUTOS	403.434923477194	101.847142390493	
AcDbLine	_ELT_ELETRODUTOS	403.826112230769	102.246825944615	
AcDbBlockReference	_ELT_ELETRODUTOS	403.99173825804	102.276394206999	B=# 3x2,5 - (FNT)|C=T1|
AcDbLine	_ELT_ELETRODUTOS	403.440601608121	103.639458202068	
AcDbLine	_ELT_ELETRODUTOS	403.440601608121	108.293221881003	
AcDbBlockReference	_ELT_ELETRODUTOS	401.891939008746	108.293221881003	B=# 3x2,5 - (FNT)|C=T1|
AcDbBlockReference	_ELT_ELETRODUTOS	405.963976453304	104.415789136387	C=T2|B=# 5x2,5 - (3FNT)|
AcDbBlockReference	_ELT_ELETRODUTOS	405.039676464714	102.29116557505	C=T2|B=# 5x2,5 - (3FNT)|
AcDbBlockReference	_ELT_ELETRODUTOS	403.452218284102	105.915914854506	B=# 3x2,5 - (FNT)|C=T1|
AcDbLine	_ELT_ELETRODUTOS	403.440601608121	107.307979221412	
AcDbLine	_ELT_ELETRODUTOS	403.44060160812	115.772204288851	
AcDbBlockReference	_ELT_ELETRODUTOS	403.452218284102	111.152758616251	B=# 3x2,5 - (FNT)|C=T1|
AcDbBlockReference	_ELT_ELETRODUTOS	406.770742283228	115.745687813346	B=# 3x2,5 - (FNT)|C=T1|
AcDbLine	_ELT_ELETRODUTOS	403.429245346266	99.6981235670093	
AcDbLine	_ELT_ELETRODUTOS	403.429245346266	97.3645415203316	
AcDbLine	_ELT_ELETRODUTOS	403.429245346266	96.9848110086255	
AcDbLine	_ELT_ELETRODUTOS	403.429245346266	92.8956529093822	
AcDbLine	_ELT_ELETRODUTOS	404.710498362259	91.067166956214	
AcDbLine	_ELT_ELETRODUTOS	403.429245346266	98.3414672878174	
AcDbLine	_ELT_ELETRODUTOS	403.820434099842	98.7411508419392	
AcDbBlockReference	_ELT_ELETRODUTOS	403.986060127113	98.7707191043229	B=# 3x2,5 - (FNT)|C=T3|
AcDbBlockReference	_ELT_ELETRODUTOS	405.033998333787	98.7854904723742	C=T4|B=# 5x2,5 - (3FNT)|
AcDbBlockReference	_ELT_ELETRODUTOS	401.886260877819	97.3645415203316	B=# 3x2,5 - (FNT)|C=T3|
AcDbBlockReference	_ELT_ELETRODUTOS	403.429245346266	94.1094375130771	B=# 3x2,5 - (FNT)|C=T3|
AcDbBlockReference	_ELT_ELETRODUTOS	403.414473978215	95.1573757197511	C=T4|B=# 5x2,5 - (3FNT)|
AcDbLine	_ELT_ELETRODUTOS	409.306583871645	86.0963138572018	
AcDbBlockReference	_ELT_ELETRODUTOS	404.673967489746	86.0963138572018	B=# 3x2,5 - (FNT)|C=T5|
AcDbBlockReference	_ELT_ELETRODUTOS	405.72190569642	86.1110852252531	C=T6|B=# 5x2,5 - (3FNT)|
AcDbBlockReference	_ELT_ELETRODUTOS	405.007619991941	88.3055981246539	B=# 3x2,5 - (FNT)|C=T5|
AcDbLine	_ELT_ELETRODUTOS	398.91698319404	86.0963138572018	
AcDbLine	_ELT_ELETRODUTOS	397.476420647295	86.0963138572018	
AcDbLine	_ELT_ELETRODUTOS	394.143276409371	86.1227391534682	
AcDbLine	_ELT_ELETRODUTOS	394.161302216824	82.547207440335	
AcDbLine	_ELT_ELETRODUTOS	398.917066567382	86.0963138572018	
AcDbBlockReference	_ELT_ELETRODUTOS	399.32590689662	86.0963138572018	B=# 3x2,5 - (FNT)|C=T5|
AcDbBlockReference	_ELT_ELETRODUTOS	400.373845103294	86.1110852252531	C=T6|B=# 5x2,5 - (3FNT)|
AcDbBlockReference	_ELT_ELETRODUTOS	398.710014523675	86.6734606345358	B=# 3x2,5 - (FNT)|C=T5|
AcDbBlockReference	_ELT_ELETRODUTOS	398.94431965259	83.6510544539757	B=# 3x2,5 - (FNT)|C=T5|
AcDbBlockReference	_ELT_ELETRODUTOS	395.21637305103	86.1368788483859	B=# 3x2,5 - (FNT)|C=T5|
AcDbBlockReference	_ELT_ELETRODUTOS	396.264311257704	86.1516502164372	C=T6|B=# 5x2,5 - (3FNT)|
AcDbLine	_ELT_ELETRODUTOS	404.049317577509	91.052318502327	
AcDbLine	_ELT_ELETRODUTOS	404.868910934521	92.6252392067425	
AcDbBlockReference	_ELT_ELETRODUTOS	405.034536961792	92.6548074691262	B=# 3x2,5 - (FNT)|C=T3|
AcDbBlockReference	_ELT_ELETRODUTOS	406.082475168466	92.6695788371775	C=T4|B=# 5x2,5 - (3FNT)|
AcDbLine	_ELT_ELETRODUTOS	394.143276409372	84.3349732969016	
AcDbLine	_ELT_ELETRODUTOS	394.684823393179	84.8050083658781	
AcDbBlockReference	_ELT_ELETRODUTOS	395.100964000857	84.8250325592291	B=# 3x2,5 - (FNT)|C=T5|
AcDbBlockReference	_ELT_ELETRODUTOS	396.148902207531	84.8398039272804	C=T6|B=# 5x2,5 - (3FNT)|
AcDbLine	_ELT_ELETRODUTOS	378.048502795526	87.9716517684159	
AcDbLine	_ELT_ELETRODUTOS	378.048502795526	83.8094296043754	
AcDbLine	_ELT_ELETRODUTOS	378.048502795526	84.6750883148692	
AcDbLine	_ELT_ELETRODUTOS	378.048502795526	85.4888423014561	
AcDbLine	_ELT_ELETRODUTOS	378.377229062647	85.9588773704326	
AcDbBlockReference	_ELT_ELETRODUTOS	378.793369670326	85.9789015637837	B=# 3x2,5 - (FNT)|C=T7|
AcDbBlockReference	_ELT_ELETRODUTOS	379.841307877	85.993672931835	C=T8|B=# 5x2,5 - (3FNT)|
AcDbLine	_ELT_ELETRODUTOS	384.684870633104	87.7716517684159	
AcDbBlockReference	_ELT_ELETRODUTOS	379.104168191139	84.6951125082202	B=# 3x2,5 - (FNT)|C=T7|
AcDbBlockReference	_ELT_ELETRODUTOS	380.152106397813	84.7098838762715	C=T8|B=# 5x2,5 - (3FNT)|
AcDbBlockReference	_ELT_ELETRODUTOS	386.794714989987	84.6951125082202	B=# 3x2,5 - (FNT)|C=T7|
AcDbBlockReference	_ELT_ELETRODUTOS	387.842653196661	84.7098838762715	C=T8|B=# 5x2,5 - (3FNT)|
AcDbLine	_ELT_ELETRODUTOS	393.883229312867	84.1476012207764	
AcDbBlockReference	_ELT_ELETRODUTOS	384.684870633104	85.616003709489	B=# 3x2,5 - (FNT)|C=T7|
AcDbLine	_ELT_ELETRODUTOS	393.914073521238	84.4111853512303	
AcDbLine	_ELT_ELETRODUTOS	392.432601849787	83.1340018443393	
AcDbBlockReference	_ELT_ELETRODUTOS	390.961736160469	83.1340018443393	B=# 3x2,5 - (FNT)|C=T7|
AcDbBlockReference	_ELT_ELETRODUTOS	391.689982586069	83.1340018443393	C=T8|B=# 5x2,5 - (3FNT)|
AcDbBlockReference	_ELT_ELETRODUTOS	384.526302699569	81.860515320746	B=# 3x2,5 - (FNT)|C=T7|
AcDbBlockReference	_ELT_ELETRODUTOS	374.283951453121	83.8294537977264	B=# 3x2,5 - (FNT)|C=T7|
AcDbLine	_ELT_ELETRODUTOS	372.226464856837	79.647207440335	
AcDbLine	_ELT_ELETRODUTOS	365.997261968704	83.8094296043754	
AcDbBlockReference	_ELT_ELETRODUTOS	366.799649833296	83.8294537977264	B=# 3x2,5 - (FNT)|C=T7|
AcDbLine	_ELT_ELETRODUTOS	362.997261968704	83.7782528499259	
AcDbBlockReference	_ELT_ELETRODUTOS	365.997261968704	85.7173277331241	B=# 3x2,5 - (FNT)|C=T7|
AcDbBlockReference	_ELT_ELETRODUTOS	372.226464856837	81.7460280162866	B=# 3x2,5 - (FNT)|C=T7|
AcDbBlockReference	_ELT_ELETRODUTOS	363.737931280201	83.7305866047123	B=# 3x2,5 - (FNT)|C=T7|
AcDbLine	_ELT_ELETRODUTOS	409.92007356518	104.715235801261	
AcDbLine	_ELT_ELETRODUTOS	410.452908015863	105.083812669223	
AcDbBlockReference	_ELT_ELETRODUTOS	411.155825849356	105.083812669223	C=T2|B=# 5x2,5 - (3FNT)|
AcDbLine	_ELT_ELETRODUTOS	403.388136792759	91.052318502327	
AcDbLine	_ELT_ELETRODUTOS	405.143276409372	90.8286582798908	
AcDbBlockReference	_ELT_ELETRODUTOS	407.686946217051	92.6695788371775	C=T4|B=# 5x2,5 - (3FNT)|
AcDbLine	_ELT_ELETRODUTOS	405.009945027132	91.067166956214	
AcDbLine	_ELT_ELETRODUTOS	407.279803931229	92.6252392067425	
AcDbLine	_ELT_ELETRODUTOS	394.143276409372	82.0949546281893	
AcDbLine	_ELT_ELETRODUTOS	394.684823393179	82.5649896971659	
AcDbBlockReference	_ELT_ELETRODUTOS	396.148902207531	82.5997852585682	C=T6|B=# 5x2,5 - (3FNT)|
AcDbLine	_ELT_ELETRODUTOS	362.997261968704	83.7782528499259	
AcDbLine	_ELT_ELETRODUTOS	362.997261968704	83.4127301451305	
AcDbLine	_ELT_ELETRODUTOS	364.223728356427	82.5673770069824	
AcDbBlockReference	_ELT_ELETRODUTOS	364.639868964106	82.5874012003334	B=# 3x2,5 - (FNT)|C=T7|
AcDbLine	_ELT_ELETRODUTOS	391.064976532628	84.6747694816843	
AcDbLine	_ELT_ELETRODUTOS	393.914073521238	84.6747694816843	
AcDbLine	_ELT_ELETRODUTOS	393.004411966084	81.8671187869846	
AcDbBlockReference	_ELT_ELETRODUTOS	391.981089337064	81.8671187869846	C=T8|B=# 5x2,5 - (3FNT)|
AcDbLine	_ELT_ELETRODUTOS	393.004411966084	81.8671187869846	
AcDbBlockReference	_ELT-LUMINARIAS	391.727261968704	16.024448100909	220VA=440VA|L34=L5|QDL5=QDL4|
AcDbBlockReference	_ELT-ELETROCALHAS	389.152261968704	16.099448100909	C=L5|B=# 3x2,5 - (FNT)|
AcDbBlockReference	_ELT-LUMINARIAS	391.727261968704	20.084448100909	220VA=440VA|L34=L4|QDL5=QDL4|
AcDbBlockReference	_ELT-ELETROCALHAS	389.152261968704	20.159448100909	C=L4|B=# 3x2,5 - (FNT)|
AcDbLine	_ELT-PONTO	383.689771092049	88.6083443061423	
AcDbText	_ELT-PONTO-TEXTO	382.325684992784	88.7249015914693	
AcDbBlockReference	_ELT-LUMINARIAS	358	14.7	220VA=120VA|L34=L18|QDL5=QDL5|
AcDbBlockReference	_ELT-LUMINARIAS	360	14.7	220VA=120VA|L34=L18|QDL5=QDL5|
AcDbBlockReference	_ELT-LUMINARIAS	362	14.7	220VA=120VA|L34=L18|QDL5=QDL5|
AcDbBlockReference	_ELT-LUMINARIAS	358	16.3	220VA=120VA|L34=L18|QDL5=QDL5|
AcDbBlockReference	_ELT-LUMINARIAS	360	16.3	220VA=120VA|L34=L18|QDL5=QDL5|
AcDbBlockReference	_ELT-LUMINARIAS	362	16.3	220VA=120VA|L34=L18|QDL5=QDL5|
AcDbBlockReference	_ELT-LUMINARIAS	358	17.9	220VA=120VA|L34=L18|QDL5=QDL5|
AcDbBlockReference	_ELT-LUMINARIAS	360	17.9	220VA=120VA|L34=L18|QDL5=QDL5|
AcDbBlockReference	_ELT-LUMINARIAS	362	17.9	220VA=120VA|L34=L18|QDL5=QDL5|
AcDbBlockReference	_ELT-LUMINARIAS	358	19.5	220VA=120VA|L34=L18|QDL5=QDL5|
AcDbBlockReference	_ELT-LUMINARIAS	360	19.5	220VA=120VA|L34=L18|QDL5=QDL5|
AcDbBlockReference	_ELT-LUMINARIAS	362	19.5	220VA=120VA|L34=L18|QDL5=QDL5|
AcDbBlockReference	_ELT-LUMINARIAS	358	21.1	220VA=120VA|L34=L18|QDL5=QDL5|
AcDbBlockReference	_ELT-LUMINARIAS	360	21.1	220VA=120VA|L34=L18|QDL5=QDL5|
AcDbBlockReference	_ELT-LUMINARIAS	362	21.1	220VA=120VA|L34=L18|QDL5=QDL5|
AcDbBlockReference	_COTAS	358.25	14.7	B=# 3x2,5 - (FNT)|C=L18|
AcDbBlockReference	_COTAS	359.25	14.7	B=# 3x2,5 - (FNT)|C=L18|
AcDbBlockReference	_COTAS	360.25	14.7	B=# 3x2,5 - (FNT)|C=L18|
AcDbBlockReference	_COTAS	361.25	14.7	B=# 3x2,5 - (FNT)|C=L18|
AcDbBlockReference	_COTAS	362	14.983	B=# 3x2,5 - (FNT)|C=L18|
AcDbBlockReference	_COTAS	362	16.05	B=# 3x2,5 - (FNT)|C=L18|
AcDbBlockReference	_COTAS	362	17.117	B=# 3x2,5 - (FNT)|C=L18|
AcDbBlockReference	_COTAS	362	18.183	B=# 3x2,5 - (FNT)|C=L18|
AcDbBlockReference	_COTAS	362	19.25	B=# 3x2,5 - (FNT)|C=L18|
AcDbBlockReference	_COTAS	362	20.317	B=# 3x2,5 - (FNT)|C=L18|
AcDbBlockReference	_COTAS	361.75	16.3	B=# 3x2,5 - (FNT)|C=L18|
AcDbBlockReference	_COTAS	360.75	16.3	B=# 3x2,5 - (FNT)|C=L18|
AcDbBlockReference	_COTAS	359.75	16.3	B=# 3x2,5 - (FNT)|C=L18|
AcDbBlockReference	_COTAS	358.75	16.3	B=# 3x2,5 - (FNT)|C=L18|
AcDbBlockReference	_COTAS	361.75	17.9	B=# 3x2,5 - (FNT)|C=L18|
AcDbBlockReference	_COTAS	360.75	17.9	B=# 3x2,5 - (FNT)|C=L18|
AcDbBlockReference	_COTAS	359.75	17.9	B=# 3x2,5 - (FNT)|C=L18|
AcDbBlockReference	_COTAS	358.75	17.9	B=# 3x2,5 - (FNT)|C=L18|
AcDbBlockReference	_COTAS	361.75	19.5	B=# 3x2,5 - (FNT)|C=L18|
AcDbBlockReference	_COTAS	360.75	19.5	B=# 3x2,5 - (FNT)|C=L18|
AcDbBlockReference	_COTAS	359.75	19.5	B=# 3x2,5 - (FNT)|C=L18|
AcDbBlockReference	_COTAS	358.75	19.5	B=# 3x2,5 - (FNT)|C=L18|
AcDbBlockReference	_COTAS	361.75	21.1	B=# 3x2,5 - (FNT)|C=L18|
AcDbBlockReference	_COTAS	360.75	21.1	B=# 3x2,5 - (FNT)|C=L18|
AcDbBlockReference	_COTAS	359.75	21.1	B=# 3x2,5 - (FNT)|C=L18|
AcDbBlockReference	_COTAS	358.75	21.1	B=# 3x2,5 - (FNT)|C=L18|
AcDbBlockReference	_COTAS	362.152	13.98	B=# 3x2,5 - (FNT)|C=L18|
AcDbMText	_ELT-PONTO-TEXTO	362.15	13.3528103683492	
AcDbBlockReference	_ELT-LUMINARIAS	358.312	57.013	220VA=120VA|L34=L19|QDL5=QDL6|
AcDbBlockReference	_ELT-LUMINARIAS	361.438	57.013	220VA=120VA|L34=L19|QDL5=QDL6|
AcDbBlockReference	_ELT-LUMINARIAS	358.312	59.538	220VA=120VA|L34=L19|QDL5=QDL6|
AcDbBlockReference	_ELT-LUMINARIAS	361.438	59.538	220VA=120VA|L34=L19|QDL5=QDL6|
AcDbBlockReference	_COTAS	358.583	57.013	B=# 3x2,5 - (FNT)|C=L19|
AcDbBlockReference	_COTAS	359.625	57.013	B=# 3x2,5 - (FNT)|C=L19|
AcDbBlockReference	_COTAS	360.667	57.013	B=# 3x2,5 - (FNT)|C=L19|
AcDbBlockReference	_COTAS	361.438	57.394	B=# 3x2,5 - (FNT)|C=L19|
AcDbBlockReference	_COTAS	361.438	58.656	B=# 3x2,5 - (FNT)|C=L19|
AcDbBlockReference	_COTAS	361.167	59.538	B=# 3x2,5 - (FNT)|C=L19|
AcDbBlockReference	_COTAS	360.125	59.538	B=# 3x2,5 - (FNT)|C=L19|
AcDbBlockReference	_COTAS	359.083	59.538	B=# 3x2,5 - (FNT)|C=L19|
AcDbBlockReference	_COTAS	362.479	60.668	B=# 3x2,5 - (FNT)|C=L19|
AcDbBlockReference	_COTAS	361.897	60.037	B=# 3x2,5 - (FNT)|C=L19|
AcDbMText	_ELT-PONTO-TEXTO	362.75	60.7528103683493	
AcDbBlockReference	_ELT-LUMINARIAS	363.663	56.588	220VA=120VA|L34=L20|QDL5=QDL6|
AcDbBlockReference	_ELT-LUMINARIAS	364.788	56.588	220VA=120VA|L34=L20|QDL5=QDL6|
AcDbBlockReference	_ELT-LUMINARIAS	365.913	56.588	220VA=120VA|L34=L20|QDL5=QDL6|
AcDbBlockReference	_ELT-LUMINARIAS	367.038	56.588	220VA=120VA|L34=L20|QDL5=QDL6|
AcDbBlockReference	_ELT-LUMINARIAS	368.163	56.588	220VA=120VA|L34=L20|QDL5=QDL6|
AcDbBlockReference	_ELT-LUMINARIAS	369.288	56.588	220VA=120VA|L34=L20|QDL5=QDL6|
AcDbBlockReference	_ELT-LUMINARIAS	363.663	58.275	220VA=120VA|L34=L20|QDL5=QDL6|
AcDbBlockReference	_ELT-LUMINARIAS	364.788	58.275	220VA=120VA|L34=L20|QDL5=QDL6|
AcDbBlockReference	_ELT-LUMINARIAS	365.913	58.275	220VA=120VA|L34=L20|QDL5=QDL6|
AcDbBlockReference	_ELT-LUMINARIAS	367.038	58.275	220VA=120VA|L34=L20|QDL5=QDL6|
AcDbBlockReference	_ELT-LUMINARIAS	368.163	58.275	220VA=120VA|L34=L20|QDL5=QDL6|
AcDbBlockReference	_ELT-LUMINARIAS	369.288	58.275	220VA=120VA|L34=L20|QDL5=QDL6|
AcDbBlockReference	_ELT-LUMINARIAS	363.663	59.962	220VA=120VA|L34=L20|QDL5=QDL6|
AcDbBlockReference	_ELT-LUMINARIAS	364.788	59.962	220VA=120VA|L34=L20|QDL5=QDL6|
AcDbBlockReference	_ELT-LUMINARIAS	365.913	59.962	220VA=120VA|L34=L20|QDL5=QDL6|
AcDbBlockReference	_ELT-LUMINARIAS	367.038	59.962	220VA=120VA|L34=L20|QDL5=QDL6|
AcDbBlockReference	_ELT-LUMINARIAS	368.163	59.962	220VA=120VA|L34=L20|QDL5=QDL6|
AcDbBlockReference	_ELT-LUMINARIAS	369.288	59.962	220VA=120VA|L34=L20|QDL5=QDL6|
AcDbBlockReference	_COTAS	363.975	59.962	B=# 3x2,5 - (FNT)|C=L20|
AcDbBlockReference	_COTAS	365.1	59.962	B=# 3x2,5 - (FNT)|C=L20|
AcDbBlockReference	_COTAS	366.225	59.962	B=# 3x2,5 - (FNT)|C=L20|
AcDbBlockReference	_COTAS	367.35	59.962	B=# 3x2,5 - (FNT)|C=L20|
AcDbBlockReference	_COTAS	368.475	59.962	B=# 3x2,5 - (FNT)|C=L20|
AcDbBlockReference	_COTAS	363.663	59.649	B=# 3x2,5 - (FNT)|C=L20|
AcDbBlockReference	_COTAS	363.663	58.525	B=# 3x2,5 - (FNT)|C=L20|
AcDbBlockReference	_COTAS	363.663	57.401	B=# 3x2,5 - (FNT)|C=L20|
AcDbBlockReference	_COTAS	363.975	56.588	B=# 3x2,5 - (FNT)|C=L20|
AcDbBlockReference	_COTAS	365.1	56.588	B=# 3x2,5 - (FNT)|C=L20|
AcDbBlockReference	_COTAS	366.225	56.588	B=# 3x2,5 - (FNT)|C=L20|
AcDbBlockReference	_COTAS	367.35	56.588	B=# 3x2,5 - (FNT)|C=L20|
AcDbBlockReference	_COTAS	368.475	56.588	B=# 3x2,5 - (FNT)|C=L20|
AcDbBlockReference	_COTAS	363.975	58.275	B=# 3x2,5 - (FNT)|C=L20|
AcDbBlockReference	_COTAS	365.1	58.275	B=# 3x2,5 - (FNT)|C=L20|
AcDbBlockReference	_COTAS	366.225	58.275	B=# 3x2,5 - (FNT)|C=L20|
AcDbBlockReference	_COTAS	367.35	58.275	B=# 3x2,5 - (FNT)|C=L20|
AcDbBlockReference	_COTAS	368.475	58.275	B=# 3x2,5 - (FNT)|C=L20|
AcDbBlockReference	_COTAS	363.15	60.601	B=# 3x2,5 - (FNT)|C=L20|
AcDbMText	_ELT-PONTO-TEXTO	366.4	60.7968281036835	
AcDbBlockReference	_ELT-LUMINARIAS	358.85	51.223	220VA=120VA|L34=L21|QDL5=QDL7|
AcDbBlockReference	_ELT-LUMINARIAS	358.85	52.97	220VA=120VA|L34=L21|QDL5=QDL7|
AcDbBlockReference	_ELT-LUMINARIAS	358.85	54.717	220VA=120VA|L34=L21|QDL5=QDL7|
AcDbBlockReference	_COTAS	358.85	51.556	B=# 3x2,5 - (FNT)|C=L21|
AcDbBlockReference	_COTAS	358.85	52.72	B=# 3x2,5 - (FNT)|C=L21|
AcDbBlockReference	_COTAS	358.85	53.884	B=# 3x2,5 - (FNT)|C=L21|
AcDbBlockReference	_COTAS	360.896	50.862	B=# 3x2,5 - (FNT)|C=L21|
AcDbBlockReference	_COTAS	359.696	51.074	B=# 3x2,5 - (FNT)|C=L21|
AcDbMText	_ELT-PONTO-TEXTO	361.35	50.3528103683492	
AcDbBlockReference	_COTAS	363	80	
AcDbBlockReference	_COTAS	363	81.3	
AcDbBlockReference	_COTAS	363	82.6	
AcDbBlockReference	_COTAS	363	83.9	
AcDbBlockReference	_COTAS	363	85.2	
AcDbBlockReference	_COTAS	363	86.5	
AcDbBlockReference	_ELT_ELETRODUTOS	362.45	80.292	B=# 3x2,5 - (FNT)|C=T11|
AcDbBlockReference	_ELT_ELETRODUTOS	362.45	81.375	B=# 3x2,5 - (FNT)|C=T11|
AcDbBlockReference	_ELT_ELETRODUTOS	362.45	82.458	B=# 3x2,5 - (FNT)|C=T11|
AcDbBlockReference	_ELT_ELETRODUTOS	362.45	83.542	B=# 3x2,5 - (FNT)|C=T11|
AcDbBlockReference	_ELT_ELETRODUTOS	362.45	84.625	B=# 3x2,5 - (FNT)|C=T11|
AcDbBlockReference	_ELT_ELETRODUTOS	362.45	85.708	B=# 3x2,5 - (FNT)|C=T11|
AcDbBlockReference	_ELT_ELETRODUTOS	362.55	79.7	B=# 3x2,5 - (FNT)|C=T11|
AcDbBlockReference	_ELT_ELETRODUTOS	363	79.6	B=# 3x2,5 - (FNT)|C=T11|
AcDbMText	_ELT-PONTO-TEXTO	361.9	82.9993860845839	
AcDbMText	_ELT-PONTO-TEXTO	362.35	79.0528103683493	
AcDbBlockReference	_COTAS	357.05	80.5	
AcDbBlockReference	_COTAS	357.05	81.8	
AcDbBlockReference	_COTAS	357.05	83.1	
AcDbBlockReference	_COTAS	357.05	84.4	
AcDbBlockReference	_COTAS	357.05	85.7	
AcDbBlockReference	_ELT_ELETRODUTOS	357.6	80.77	B=# 3x2,5 - (FNT)|C=T12|
AcDbBlockReference	_ELT_ELETRODUTOS	357.6	81.81	B=# 3x2,5 - (FNT)|C=T12|
AcDbBlockReference	_ELT_ELETRODUTOS	357.6	82.85	B=# 3x2,5 - (FNT)|C=T12|
AcDbBlockReference	_ELT_ELETRODUTOS	357.6	83.89	B=# 3x2,5 - (FNT)|C=T12|
AcDbBlockReference	_ELT_ELETRODUTOS	357.6	84.93	B=# 3x2,5 - (FNT)|C=T12|
AcDbBlockReference	_ELT_ELETRODUTOS	357.05	80.375	B=# 3x2,5 - (FNT)|C=T12|
AcDbBlockReference	_ELT_ELETRODUTOS	357.419	79.75	B=# 3x2,5 - (FNT)|C=T12|
AcDbBlockReference	_ELT_ELETRODUTOS	358.656	79.75	B=# 3x2,5 - (FNT)|C=T12|
AcDbBlockReference	_ELT_ELETRODUTOS	359.894	79.75	B=# 3x2,5 - (FNT)|C=T12|
AcDbBlockReference	_ELT_ELETRODUTOS	361.131	79.75	B=# 3x2,5 - (FNT)|C=T12|
AcDbMText	_ELT-PONTO-TEXTO	358.1	82.9993860845839	
AcDbCircle	_ELT-PONTO	361.8	87.65	
AcDbMText	_ELT-PONTO-TEXTO	360.9	87.7967257844475	
AcDbBlockReference	_ELT_ELETRODUTOS	361.8	87.368	B=# 3x2,5 - (FNT)|C=T13|
AcDbBlockReference	_ELT_ELETRODUTOS	361.8	86.304	B=# 3x2,5 - (FNT)|C=T13|
AcDbBlockReference	_ELT_ELETRODUTOS	361.8	85.239	B=# 3x2,5 - (FNT)|C=T13|
AcDbBlockReference	_ELT_ELETRODUTOS	361.8	84.175	B=# 3x2,5 - (FNT)|C=T13|
AcDbBlockReference	_ELT_ELETRODUTOS	361.8	83.111	B=# 3x2,5 - (FNT)|C=T13|
AcDbBlockReference	_ELT_ELETRODUTOS	361.8	82.046	B=# 3x2,5 - (FNT)|C=T13|
AcDbBlockReference	_ELT_ELETRODUTOS	361.8	80.982	B=# 3x2,5 - (FNT)|C=T13|
AcDbBlockReference	_ELT_ELETRODUTOS	361.798	80.203	B=# 3x2,5 - (FNT)|C=T13|
AcDbBlockReference	_COTAS	356.75	121.9	
AcDbBlockReference	_COTAS	356.75	122.9	
AcDbBlockReference	_COTAS	356.75	123.9	
AcDbBlockReference	_COTAS	356.75	124.9	
AcDbBlockReference	_COTAS	356.75	125.9	
AcDbBlockReference	_COTAS	358	121.4	
AcDbBlockReference	_COTAS	359.6	121.4	
AcDbBlockReference	_COTAS	361.2	121.4	
AcDbBlockReference	_ELT_ELETRODUTOS	357.3	122.15	B=# 3x2,5 - (FNT)|C=T14|
AcDbBlockReference	_ELT_ELETRODUTOS	357.3	123.15	B=# 3x2,5 - (FNT)|C=T14|
AcDbBlockReference	_ELT_ELETRODUTOS	357.3	124.15	B=# 3x2,5 - (FNT)|C=T14|
AcDbBlockReference	_ELT_ELETRODUTOS	357.3	125.15	B=# 3x2,5 - (FNT)|C=T14|
AcDbBlockReference	_ELT_ELETRODUTOS	358.283	121.85	B=# 3x2,5 - (FNT)|C=T14|
AcDbBlockReference	_ELT_ELETRODUTOS	359.35	121.85	B=# 3x2,5 - (FNT)|C=T14|
AcDbBlockReference	_ELT_ELETRODUTOS	360.417	121.85	B=# 3x2,5 - (FNT)|C=T14|
AcDbBlockReference	_ELT_ELETRODUTOS	357.9	121.4	B=# 3x2,5 - (FNT)|C=T14|
AcDbBlockReference	_ELT_ELETRODUTOS	357.3	121.4	B=# 3x2,5 - (FNT)|C=T14|
AcDbBlockReference	_ELT_ELETRODUTOS	356.75	125.8	B=# 3x2,5 - (FNT)|C=T14|
AcDbBlockReference	_ELT_ELETRODUTOS	357.029	126.2	B=# 3x2,5 - (FNT)|C=T14|
AcDbBlockReference	_ELT_ELETRODUTOS	358.087	126.2	B=# 3x2,5 - (FNT)|C=T14|
AcDbBlockReference	_ELT_ELETRODUTOS	359.146	126.2	B=# 3x2,5 - (FNT)|C=T14|
AcDbBlockReference	_ELT_ELETRODUTOS	360.204	126.2	B=# 3x2,5 - (FNT)|C=T14|
AcDbBlockReference	_ELT_ELETRODUTOS	361.263	126.2	B=# 3x2,5 - (FNT)|C=T14|
AcDbBlockReference	_ELT_ELETRODUTOS	362.321	126.2	B=# 3x2,5 - (FNT)|C=T14|
AcDbMText	_ELT-PONTO-TEXTO	357.95	123.749386084584	
AcDbBlockReference	_COTAS	369.85	121.9	
AcDbBlockReference	_COTAS	369.85	122.9	
AcDbBlockReference	_COTAS	369.85	123.9	
AcDbBlockReference	_COTAS	369.85	124.9	
AcDbBlockReference	_COTAS	369.85	125.9	
AcDbBlockReference	_COTAS	364.2	121.4	
AcDbBlockReference	_COTAS	365.8	121.4	
AcDbBlockReference	_COTAS	367.4	121.4	
AcDbBlockReference	_ELT_ELETRODUTOS	369.3	122.15	B=# 3x2,5 - (FNT)|C=T15|
AcDbBlockReference	_ELT_ELETRODUTOS	369.3	123.15	B=# 3x2,5 - (FNT)|C=T15|
AcDbBlockReference	_ELT_ELETRODUTOS	369.3	124.15	B=# 3x2,5 - (FNT)|C=T15|
AcDbBlockReference	_ELT_ELETRODUTOS	369.3	125.15	B=# 3x2,5 - (FNT)|C=T15|
AcDbBlockReference	_ELT_ELETRODUTOS	364.483	121.85	B=# 3x2,5 - (FNT)|C=T15|
AcDbBlockReference	_ELT_ELETRODUTOS	365.55	121.85	B=# 3x2,5 - (FNT)|C=T15|
AcDbBlockReference	_ELT_ELETRODUTOS	366.617	121.85	B=# 3x2,5 - (FNT)|C=T15|
AcDbBlockReference	_ELT_ELETRODUTOS	367.625	121.4	B=# 3x2,5 - (FNT)|C=T15|
AcDbBlockReference	_ELT_ELETRODUTOS	368.575	121.4	B=# 3x2,5 - (FNT)|C=T15|
AcDbBlockReference	_ELT_ELETRODUTOS	369.3	121.4	B=# 3x2,5 - (FNT)|C=T15|
AcDbBlockReference	_ELT_ELETRODUTOS	369.85	125.8	B=# 3x2,5 - (FNT)|C=T15|
AcDbBlockReference	_ELT_ELETRODUTOS	369.515	126.2	B=# 3x2,5 - (FNT)|C=T15|
AcDbBlockReference	_ELT_ELETRODUTOS	368.345	126.2	B=# 3x2,5 - (FNT)|C=T15|
AcDbBlockReference	_ELT_ELETRODUTOS	367.175	126.2	B=# 3x2,5 - (FNT)|C=T15|
AcDbBlockReference	_ELT_ELETRODUTOS	366.005	126.2	B=# 3x2,5 - (FNT)|C=T15|
AcDbBlockReference	_ELT_ELETRODUTOS	364.835	126.2	B=# 3x2,5 - (FNT)|C=T15|
AcDbMText	_ELT-PONTO-TEXTO	368.95	123.746828103683	
AcDbCircle	_ELT-PONTO	361	126.45	
AcDbMText	_ELT-PONTO-TEXTO	361	126.696828103683	
AcDbBlockReference	_ELT_ELETRODUTOS	361	126.575	B=# 3x2,5 - (FNT)|C=T16|
AcDbCircle	_ELT-PONTO	366.5	126.45	
AcDbMText	_ELT-PONTO-TEXTO	366.5	126.699386084584	
AcDbBlockReference	_ELT_ELETRODUTOS	366.5	126.575	B=# 3x2,5 - (FNT)|C=T17|
AcDbMText	_ELT-PONTO-TEXTO	363.5	126.702810368349	
AcDbBlockReference	_COTAS	356.65	118.85	
AcDbMText	_ELT-PONTO-TEXTO	357.6	118.446828103683	
AcDbBlockReference	_ELT_ELETRODUTOS	356.65	118.537	B=# 3x2,5 - (FNT)|C=T18|
AcDbBlockReference	_ELT_ELETRODUTOS	356.65	117.412	B=# 3x2,5 - (FNT)|C=T18|
AcDbBlockReference	_ELT_ELETRODUTOS	356.969	116.6	B=# 3x2,5 - (FNT)|C=T18|
AcDbBlockReference	_ELT_ELETRODUTOS	358.106	116.6	B=# 3x2,5 - (FNT)|C=T18|
AcDbBlockReference	_ELT_ELETRODUTOS	359.244	116.6	B=# 3x2,5 - (FNT)|C=T18|
AcDbBlockReference	_ELT_ELETRODUTOS	360.381	116.6	B=# 3x2,5 - (FNT)|C=T18|
AcDbCircle	_ELT-PONTO	360.4	118.25	
AcDbMText	_ELT-PONTO-TEXTO	360.35	119.446828103683	
AcDbBlockReference	_ELT_ELETRODUTOS	360.4	117.825	B=# 3x2,5 - (FNT)|C=T19|
AcDbBlockReference	_ELT_ELETRODUTOS	360.55	116.9	B=# 3x2,5 - (FNT)|C=T19|
AcDbMText	_ELT-PONTO-TEXTO	361.25	115.852810368349	
AcDbCircle	_ELT-PONTO	361.8	87.65	
AcDbLine	_ELT-PONTO	361.64446	87.49446	
AcDbLine	_ELT-PONTO	361.64446	87.80554	
AcDbCircle	_ELT-PONTO	361	126.45	
AcDbLine	_ELT-PONTO	360.84446	126.29446	
AcDbLine	_ELT-PONTO	360.84446	126.60554	
AcDbCircle	_ELT-PONTO	366.5	126.45	
AcDbLine	_ELT-PONTO	366.34446	126.29446	
AcDbLine	_ELT-PONTO	366.34446	126.60554	
AcDbCircle	_ELT-PONTO	360.4	118.25	
AcDbLine	_ELT-PONTO	360.24446	118.09446	
AcDbLine	_ELT-PONTO	360.24446	118.40554	
