L	400.140503925316	87.9716517684159	356.76805908057	87.9716517684159
L	375.226464856837	79.4472074403349	369.226464856837	79.447207440335
L	393.914073521238	126.480830545403	356.76805908057	126.480830545403
L	369.226464856837	126.680830545403	375.226464856837	126.680830545403
L	409.943276409372	79.647207440335	356.76805908057	79.647207440335
L	356.76805908057	124.174868801518	356.76805908057	87.611425682621
L	356.538856192436	95.1056132166021	356.538856192436	90.1056132166021
L	362.76805908057	87.7716517684159	356.76805908057	87.7716517684159
L	362.76805908057	79.4472074403349	356.76805908057	79.447207440335
L	356.649879592567	83.8680032943358	356.649879592567	80.6708069996474
L	356.703136092574	83.8680032943358	356.703136092574	80.6708069996474
L	356.538856192436	84.647207440335	356.538856192436	79.647207440335
L	356.76805908057	86.611425682621	356.76805908057	79.647207440335
L	356.76805908057	80.6680032943358	356.565293085119	80.6680032943358
L	356.538856192436	89.8764103284685	356.538856192436	84.8764103284686
L	356.565293085119	83.8680032943358	356.76805908057	83.8680032943358
L	356.538856192436	87.611425682621	356.76805908057	87.611425682621
L	356.538856192436	86.611425682621	356.76805908057	86.611425682621
L	356.565293085119	94.1289107501877	356.76805908057	94.1289107501877
L	356.76805908057	90.9289107501877	356.565293085119	90.9289107501877
L	356.649879592567	94.1289107501877	356.649879592567	90.9317144554993
L	356.703136092574	94.1289107501877	356.703136092574	90.9317144554993
L	362.76805908057	87.447207440335	362.76805908057	79.647207440335
L	362.997261968704	86.447207440335	362.997261968704	79.647207440335
L	364.503172112176	79.5317939477832	367.700368406864	79.5317939477832
L	364.503172112176	79.58505044779	367.700368406864	79.58505044779
L	368.997261968704	79.4472074403349	362.997261968704	79.4472074403349
L	364.503172112176	79.4472074403349	364.503172112176	79.649973435786
L	367.703172112176	79.649973435786	367.703172112176	79.4472074403349
L	368.997261968704	87.7716517684159	362.997261968704	87.7716517684159
T	ESCRITÓRIO	359.037013279458	83.6824160773719
L	362.76805908057	86.447207440335	362.997261968704	86.447207440335
L	362.76805908057	87.447207440335	362.997261968704	87.447207440335
L	369.724790884076	87.7716517684159	369.226464856837	87.7716517684159
L	369.724790884076	87.9716517684159	369.724790884076	87.7716517684159
L	360.26805908057	117.093958137412	360.26805908057	121.25162765727
L	360.41805908057	117.093958137412	360.41805908057	121.25162765727
L	359.607315021011	119.07662765727	359.607315021011	117.259694927432
T	BANHEIRO	358.879100046559	119.256445356806
L	356.76805908057	121.25162765727	356.76805908057	112.90162765727
L	356.538856192436	121.25162765727	356.538856192436	116.25162765727
L	360.26805908057	116.05162765727	356.76805908057	116.05162765727
L	356.76805908057	115.90162765727	360.41805908057	115.90162765727
L	356.76805908057	117.10162765727	358.06805908057	117.10162765727
L	358.11805908057	117.05162765727	356.76805908057	117.05162765727
L	356.538856192436	110.793221881003	356.538856192436	105.793221881003
L	356.538856192436	100.334816104736	356.538856192436	95.3348161047357
L	356.538856192436	105.564018992869	356.538856192436	100.564018992869
L	356.703136092574	104.587316526455	356.703136092574	101.390120231766
L	356.649879592567	104.587316526455	356.649879592567	101.390120231766
L	356.76805908057	101.387316526455	356.565293085119	101.387316526455
L	356.565293085119	104.587316526455	356.76805908057	104.587316526455
L	356.538856192436	116.022424769136	356.538856192436	111.022424769136
L	356.649879592567	115.045722302722	356.649879592567	111.848526008034
L	356.703136092574	115.045722302722	356.703136092574	111.848526008034
L	356.76805908057	111.845722302722	356.565293085119	111.845722302722
L	356.565293085119	115.045722302722	356.76805908057	115.045722302722
T	RECAPAGEM	370.248218600393	102.585456185048
L	360.26805908057	116.05162765727	360.26805908057	116.193958137412
L	360.41805908057	115.90162765727	360.41805908057	116.193958137412
L	360.41805908057	117.093958137412	360.26805908057	117.093958137412
L	360.41805908057	116.193958137412	360.26805908057	116.193958137412
L	360.26805908057	117.259694927432	359.607315021011	117.259694927432
L	358.11805908057	116.35162765727	358.11805908057	116.05162765727
L	360.41805908057	115.90162765727	360.26805908057	115.90162765727
L	358.06805908057	117.10162765727	358.06805908057	117.40162765727
L	358.06805908057	117.40162765727	358.11805908057	117.40162765727
L	358.11805908057	117.40162765727	358.11805908057	117.05162765727
L	358.06805908057	116.35162765727	358.11805908057	116.35162765727
L	358.06805908057	116.05162765727	358.06805908057	116.35162765727
L	358.11805908057	119.15162765727	356.76805908057	119.15162765727
L	356.76805908057	119.20162765727	358.06805908057	119.20162765727
L	356.76805908057	120.25162765727	358.06805908057	120.25162765727
L	358.11805908057	120.20162765727	356.76805908057	120.20162765727
L	360.26805908057	121.25162765727	356.76805908057	121.25162765727
L	358.11805908057	118.10162765727	356.76805908057	118.10162765727
L	356.76805908057	118.15162765727	358.06805908057	118.15162765727
L	356.76805908057	121.25162765727	369.226464856837	121.25162765727
L	356.76805908057	121.480830545403	362.76805908057	121.480830545403
L	356.76805908057	126.680830545403	362.76805908057	126.680830545403
L	356.703136092574	123.667386925668	356.703136092574	121.776345895446
L	356.649879592567	123.667386925668	356.649879592567	121.776345895446
L	356.538856192436	126.480830545403	356.538856192436	121.480830545403
L	356.998021611053	118.584181900442	356.773851444118	118.584181900442
L	356.76805908057	118.633794181346	356.998021611053	118.633794181346
L	356.998021611053	118.633794181346	356.998021611053	118.584181900442
L	356.998021611053	119.664136883705	356.773851444118	119.664136883705
L	356.76805908057	119.713749164609	356.998021611053	119.713749164609
L	356.998021611053	119.713749164609	356.998021611053	119.664136883705
L	356.76805908057	120.75162765727	356.998021611053	120.75162765727
L	356.998021611053	120.75162765727	356.998021611053	120.702015376366
L	356.998021611053	120.702015376366	356.773851444118	120.702015376366
L	356.76805908057	121.773542190134	356.565293085119	121.773542190134
L	356.578310825566	124.174868801518	356.578310825566	126.174868801518
L	356.60404185613	124.174868801518	356.60404185613	126.174868801518
L	356.76805908057	126.480830545403	356.76805908057	126.174868801518
L	356.565293085119	123.667386925668	356.76805908057	123.667386925668
L	356.538856192437	126.174868801518	356.76805908057	126.174868801518
L	356.538856192437	124.174868801518	356.76805908057	124.174868801518
T	CONTROLE DE QUALIDADE	363.744527627915	122.513112704332
L	362.997261968704	121.480830545403	368.997261968704	121.480830545403
L	364.670208330164	126.615907557407	367.867404624853	126.615907557407
L	364.670208330164	126.562651057401	367.867404624853	126.562651057401
L	362.997261968704	126.680830545403	368.997261968704	126.680830545403
L	360.208247139445	120.573037716112	360.208247139445	121.194700466268
L	359.655857381054	121.194700466268	360.208247139445	121.194700466268
L	360.222864810749	119.997533072116	360.223179480517	119.559865216208
L	359.968650764531	118.105639274403	360.165654490889	118.105639274403
L	360.164566619565	118.083620432663	359.968650764531	118.083620432663
L	359.968650764531	118.083620432663	359.968650764531	118.105639274403
L	360.220249441883	118.092920983208	360.236040816613	118.092920983208
L	360.220249441883	118.09156396781	360.236040816613	118.09156396781
L	360.220249441883	118.094277998606	360.236040816613	118.094277998606
L	360.198341587531	118.056578769523	360.198341587531	118.072370144254
L	360.201055618327	118.056578769523	360.201055618327	118.072370144254
L	360.199698602929	118.056578769523	360.199698602929	118.072370144254
L	360.199698602929	118.113471822161	360.199698602929	118.129263196892
L	360.201055618327	118.113471822161	360.201055618327	118.129263196892
L	360.198341587531	118.113471822161	360.198341587531	118.129263196892
L	360.214382085063	118.078326681019	360.225440794879	118.067267600408
L	360.213295446929	118.077511154691	360.224465170136	118.066324486366
L	360.215213275291	118.079443894383	360.226376209939	118.068241806161
L	360.179147763975	118.09156396781	360.163356389244	118.09156396781
L	360.179147763975	118.094277998606	360.163356389244	118.094277998606
L	360.179147763975	118.092920983208	360.163356389244	118.092920983208
L	360.174914357499	118.119603783119	360.186077292147	118.108401694897
L	360.172996529137	118.117671043426	360.184166252344	118.106484375101
L	360.17408316727	118.118486569754	360.185141877087	118.107427489143
L	360.213463193521	118.108217083065	360.224629381677	118.119383271222
L	360.215382303101	118.106297973485	360.226548491257	118.117464161642
L	360.214422748311	118.107257528275	360.225588936467	118.118423716432
L	360.173891597709	118.067333163472	360.185057785865	118.078499351628
L	360.174851152499	118.066373608682	360.186017340655	118.077539796838
L	360.172932042919	118.068292718262	360.184098231075	118.079458906418
L	360.26805908057	119.07662765727	359.607315021011	119.07662765727
L	358.11805908057	119.50162765727	358.11805908057	119.15162765727
L	358.06805908057	119.50162765727	358.11805908057	119.50162765727
L	358.06805908057	119.20162765727	358.06805908057	119.50162765727
L	358.06805908057	120.25162765727	358.06805908057	120.55162765727
L	358.06805908057	120.55162765727	358.11805908057	120.55162765727
L	358.11805908057	120.55162765727	358.11805908057	120.20162765727
L	358.11805908057	118.45162765727	358.11805908057	118.10162765727
L	358.06805908057	118.45162765727	358.11805908057	118.45162765727
L	358.06805908057	118.15162765727	358.06805908057	118.45162765727
T	SAIDA DE PRODUTO	357.466082244954	122.461912099867
L	362.76805908057	123.507429325844	362.76805908057	121.480830545403
L	362.997261968704	123.507429325844	362.997261968704	121.480830545403
L	362.76805908057	123.507429325844	362.997261968704	123.507429325844
L	361.311553886998	126.683596540854	361.311553886998	126.480830545403
L	358.111553886998	126.480830545403	358.111553886998	126.683596540854
L	358.111553886998	126.565417052852	361.308750181686	126.565417052852
L	358.111553886998	126.618673552858	361.308750181686	126.618673552858
L	362.76805908057	126.480830545403	362.76805908057	125.507429325844
L	362.997261968704	126.480830545403	362.997261968704	125.507429325844
L	362.76805908057	125.507429325844	362.997261968704	125.507429325844
L	364.670208330164	126.478064549952	364.670208330164	126.680830545403
L	368.997261968704	123.774819441599	368.997261968704	121.480830545403
L	369.226464856837	123.774819441599	369.226464856837	121.25162765727
L	368.997261968704	123.774819441599	369.226464856837	123.774819441599
L	368.997261968704	126.480830545403	368.997261968704	125.774819441599
L	369.226464856837	126.480830545403	369.226464856837	125.774819441599
L	368.997261968704	125.774819441599	369.226464856837	125.774819441599
L	367.870208330164	126.680830545403	367.870208330164	126.478064549952
L	409.943276409372	94.8942669359274	409.943276409372	91.052318502327
L	410.143276409372	94.8942669359275	410.143276409372	94.3942669359275
L	400.143276409372	126.480830545403	400.143276409372	87.9953119908521
L	400.343276409372	100.334816104736	400.343276409372	94.3942669359275
L	409.940503925316	79.4472074403349	400.343276409372	79.4472074403349
L	400.343276409372	90.8286582798908	409.943276409372	90.8286582798908
L	400.343276409372	91.052318502327	409.943276409372	91.052318502327
L	389.126012683791	79.58505044779	392.323208978479	79.58505044779
L	389.126012683791	79.5317939477832	392.323208978479	79.5317939477832
L	393.914073521238	79.4472074403349	387.914073521238	79.4472074403349
L	393.914073521238	87.7716517684159	387.914073521238	87.7716517684159
L	387.684870633104	79.4472074403349	381.684870633104	79.447207440335
L	376.961577888443	79.58505044779	380.158774183131	79.58505044779
L	376.961577888443	79.5317939477832	380.158774183131	79.5317939477832
L	381.455667744971	79.4472074403349	375.455667744971	79.4472074403349
L	376.961577888443	79.4472074403349	376.961577888443	79.649973435786
L	380.161577888443	79.649973435786	380.161577888443	79.4472074403349
L	389.126012683791	79.4472074403349	389.126012683791	79.649973435786
L	387.684870633104	87.7716517684159	381.684870633104	87.7716517684159
L	381.455667744971	87.7716517684159	375.455667744971	87.7716517684159
L	375.226464856837	87.7716517684159	374.678169546081	87.7716517684159
L	374.678169546081	87.9716517684159	374.678169546081	87.7716517684159
L	393.914073521238	87.447207440335	393.914073521238	79.647207440335
L	394.143276409372	85.447207440335	394.143276409372	79.647207440335
L	400.140503925316	79.4472074403349	394.143276409372	79.4472074403349
L	392.326012683791	79.649973435786	392.326012683791	79.4472074403349
L	395.307017597264	79.5317939477832	398.504213891952	79.5317939477832
L	395.307017597264	79.58505044779	398.504213891952	79.58505044779
L	395.307017597264	79.4472074403349	395.307017597264	79.649973435786
L	398.507017597264	79.649973435786	398.507017597264	79.4472074403349
L	407.183785308541	79.649973435786	407.183785308541	79.4472074403349
L	403.983785308541	79.4472074403349	403.983785308541	79.649973435786
L	403.983785308541	79.58505044779	407.180981603229	79.58505044779
L	403.983785308541	79.5317939477832	407.180981603229	79.5317939477832
L	400.143276409372	87.7716517684159	394.143276409372	87.7716517684159
L	394.143276409372	85.447207440335	393.914073521238	85.447207440335
L	400.343276409372	90.8286582798908	400.343276409372	87.9953119908521
L	400.343276409372	94.1650640477939	400.343276409372	91.080188019323
L	409.943276409372	90.8286582798908	409.943276409372	79.647207440335
L	409.943276409372	84.6731229400393	409.943276409372	82.7331229400394
L	410.143276409372	94.1650640477939	410.143276409372	79.4472074403349
L	409.943276409372	82.7031229400393	410.143276409372	82.7031229400393
L	409.943276409372	84.7031229400393	410.143276409372	84.7031229400393
L	409.943276409372	93.7725232869786	410.146042404823	93.7725232869786
L	410.146042404823	91.5186902555233	409.943276409372	91.5186902555233
L	410.061455897374	91.5186902555233	410.061455897374	93.769719581667
L	410.008199397368	91.5186902555233	410.008199397368	93.769719581667
L	406.652348340508	124.900635007211	409.943276409372	124.900635007211
L	406.652348340508	124.750635007211	409.943276409372	124.750635007211
L	406.652348340508	118.900635007212	409.943276409372	118.900635007212
L	406.652348340508	119.050635007211	409.943276409372	119.050635007211
L	406.652348340508	123.100635007212	409.943276409372	123.100635007212
L	406.652348340508	123.250635007211	409.943276409372	123.250635007211
L	406.652348340508	121.300635007211	409.943276409372	121.300635007211
L	406.652348340508	121.150635007212	409.943276409372	121.150635007212
L	409.943276409372	116.680830545403	400.343276409372	116.680830545403
L	400.343276409372	116.480830545403	409.943276409372	116.480830545403
L	400.343276409372	126.680830545403	410.143276409372	126.680830545403
L	403.507906404656	126.480830545403	409.943276409372	126.480830545403
L	409.943276409372	100.564018992869	400.667720737452	100.564018992869
L	406.652348340508	116.680830545403	406.652348340508	126.480830545403
L	406.599950061675	116.680830545403	406.599950061675	126.480830545403
L	400.343276409372	110.793221881003	400.343276409372	105.793221881003
T	SALA DE CALDEIRAS	402.451637436407	105.126394442972
L	400.343276409372	105.564018992869	400.343276409372	100.564018992869
L	400.343276409372	116.022424769136	400.343276409372	111.022424769136
L	400.143276409372	116.859595149588	400.343276409372	116.859595149588
L	400.343276409372	116.859595149588	400.343276409372	116.680830545403
L	400.343276409372	116.480830545403	400.343276409372	116.25162765727
L	389.587019882699	126.615907557407	392.784216177387	126.615907557407
L	389.587019882699	126.562651057401	392.784216177387	126.562651057401
L	387.914073521238	126.680830545403	393.914073521238	126.680830545403
L	381.684870633104	126.680830545403	387.684870633104	126.680830545403
L	377.128614106431	126.562651057401	380.32581040112	126.562651057401
L	377.128614106431	126.615907557407	380.32581040112	126.615907557407
L	375.455667744971	126.680830545403	381.455667744971	126.680830545403
L	377.128614106431	126.478064549952	377.128614106431	126.680830545403
L	380.328614106431	126.680830545403	380.328614106431	126.478064549952
L	389.587019882699	126.478064549952	389.587019882699	126.680830545403
L	394.143276409372	126.680830545403	400.140503925316	126.680830545403
L	394.143276409372	126.480830545403	400.143276409372	126.480830545403
L	392.787019882699	126.680830545403	392.787019882699	126.478064549952
T	MEDIÇÃO	401.244141130135	123.265765310533
T	SUBESTAÇÃO	401.913988821335	123.229883530771
L	400.343276409372	126.480830545403	400.343276409372	121.480830545403
L	400.343276409372	117.859595149588	400.143276409372	117.859595149588
L	400.343276409372	121.25162765727	400.343276409372	117.859595149588
L	401.297906404656	126.678754628959	403.507906404656	126.678754628959
L	400.343276409372	126.480830545403	401.297906404656	126.480830545403
L	401.297906404656	126.480830545403	401.297906404656	126.678754628959
L	403.507906404656	126.678754628959	403.507906404656	126.480830545403
L	410.143276409372	126.680830545403	410.143276409372	103.057641156302
L	410.058689901923	117.193823879632	410.058689901923	118.444451848718
L	410.005433401917	117.193823879632	410.005433401917	118.444451848718
T	RESERVA	408.525269435066	117.489793743906
L	409.943276409372	126.480830545403	409.943276409372	116.680830545403
L	409.943276409372	116.480830545403	409.943276409372	103.057641156302
L	410.058689901923	105.773937116473	410.058689901923	108.971133411161
L	410.005433401917	105.773937116473	410.005433401917	108.971133411161
L	410.143276409372	101.057641156302	410.143276409372	96.3942669359275
L	410.005433401917	96.9035313337285	410.005433401917	100.100727628417
L	410.058689901923	96.9035313337285	410.058689901923	100.100727628417
L	410.143276409372	96.9035313337285	409.940510413921	96.9035313337285
L	409.940510413921	100.103531333728	410.143276409372	100.103531333728
L	409.943276409372	96.3942669359275	409.943276409372	94.9542669359274
L	409.943276409372	100.334816104736	409.943276409372	96.3942669359275
L	409.943276409372	96.3942669359275	410.143276409372	96.3942669359275
L	409.943276409372	94.8942669359275	410.143276409372	94.8942669359275
L	409.943276409372	103.057641156302	409.943276409371	101.057641156302
L	409.943276409372	101.057641156302	410.143276409372	101.057641156302
L	409.943276409372	103.057641156302	410.143276409372	103.057641156302
L	410.143276409372	105.773937116473	409.943276409372	105.773937116473
L	409.943276409372	101.057641156302	409.943276409372	100.564018992869
L	410.005433401917	110.863312996036	410.005433401917	114.060509290724
L	410.058689901923	110.863312996036	410.058689901923	114.060509290724
L	409.943276409372	108.973937116473	410.143276409372	108.973937116473
L	410.143276409372	110.863312996036	409.943276409372	110.863312996036
L	409.943276409372	114.063312996036	410.143276409372	114.063312996036
L	409.940510413921	117.193823879632	410.143276409372	117.193823879632
T	TC-TP	409.192370484829	123.540433398788
T	PROTEÇÃO	409.454364730603	123.540433398788
L	409.940510413921	118.444451848718	410.143276409372	118.444451848718
L	410.008199397368	119.505592425154	410.008199397368	120.756220394239
L	410.061455897374	119.505592425154	410.061455897374	120.756220394239
L	409.943276409372	119.505592425154	410.146042404823	119.505592425154
L	409.943276409372	120.756220394239	410.146042404823	120.756220394239
T	DISJUNTOR	409.363258628437	121.65148269085
T	TRAFO	409.695510019309	119.709625463139
T	MEDIÇÃO	409.454364730603	125.23589425698
T	TC-TP	409.192370484829	125.23589425698
L	369.097261968704	126.480830545403	369.960008385332	126.480830545403
B	_OBLIQUE	369.760008385332	126.480830545403	1.5707963267949
L	360.41805908057	121.15162765727	360.41805908057	120.559108674256
L	369.226464856837	127.105274873484	369.226464856837	128.034014981214
B	_OBLIQUE	369.226464856837	127.834014981214	3.14159265358979
B	_OBLIQUE	400.140503925316	127.834014981214	0
T	30.90	384.717510069559	128.170017448627
L	362.76805908057	79.0227631122541	362.76805908057	78.0954464803969
B	_OBLIQUE	362.76805908057	78.2954464803969	0
B	_OBLIQUE	356.76805908057	78.2954464803969	3.14159265358979
T	6,0	359.76805908057	78.4704464803969
T	BOMBAS e PRENSA	401.960436696613	91.816525463131
L	409.943276409372	100.334816104736	400.667720737452	100.334816104736
T	DEPÓSITO DE \PCARCAÇAS 1	398.891914555762	83.7667279794024
T	DEPÓSITO DE \PCARCAÇAS 2	403.603473109569	85.2709855965163
T	QDL1	406.130280958935	101.227571362416
T	QDL2	406.130280958935	99.3745348481606
T	QDL3	409.190026586318	88.981282851685
T	QDGL	400.295223934115	113.274553114919
T	QDGF	400.295223934115	114.923703295529
B	TOM_Monof_baixa	409.943276409372	115.772204288851	3.14159265358979
B	TOM_Monof_baixa	400.343276409372	103.064018992869	0
B	TOM_Trif_Baixa	409.943276409372	105.014682466134	0
B	TOM_Monof_baixa	409.943276409372	104.415789136387	3.14159265358979
B	TOM_Monof_baixa	400.343276409372	108.293221881003	0
T	QDF1	403.096447982101	101.227571362416
T	QDF2	403.096447982101	99.3745348481606
B	TOM_Trif_Baixa	405.309391692006	91.052318502327	4.71238898038469
B	TOM_Monof_baixa	404.710498362259	91.052318502327	1.5707963267949
B	TOM_Monof_baixa	400.343276409372	97.3645415203316	0
T	QDF3	409.190026586318	85.7549623169668
B	TOM_Monof_baixa	398.989308932278	79.647207440335	1.5707963267949
B	TOM_Monof_baixa	398.91698319404	87.7716517684159	4.71238898038469
B	TOM_Monof_baixa	405.143276409372	90.8286582798908	4.71238898038469
B	TOM_Trif_Baixa	394.143276409372	81.9483141105883	3.14159265358979
B	TOM_Monof_baixa	394.143276409372	82.547207440335	0
B	TOM_Trif_Baixa	393.914073521238	83.547207440335	0
B	TOM_Monof_baixa	393.914073521238	84.1491016714711	3.14159265358979
T	QDF4	377.707151255291	88.7249015914693
B	TOM_Monof_baixa	384.684870633104	79.647207440335	1.5707963267949
B	TOM_Monof_baixa	372.226464856837	79.647207440335	1.5707963267949
B	TOM_Monof_baixa	362.997261968704	83.047207440335	0
B	TOM_Monof_baixa	384.684870633104	87.7716517684159	1.5707963267949
B	TOM_Monof_baixa	365.997261968704	87.7716517684159	1.5707963267949
B	FIACAO_LAMP_FNT	401.770899531404	103.064018992869	0
B	FIACAO_LAMP_FNT	404.770494741511	104.415789136387	0
B	FIACAO_LAMP_FNT	403.99173825804	102.276394206999	0
B	FIACAO_LAMP_FNT	401.891939008746	108.293221881003	0
B	FIACAO_LAMP_ELETRO_3FNT	405.963976453304	104.415789136387	0
B	FIACAO_LAMP_ELETRO_3FNT	405.039676464714	102.29116557505	0
B	FIACAO_LAMP_FNT	403.452218284102	105.915914854506	1.48863649349863
B	FIACAO_LAMP_FNT	403.452218284102	111.152758616251	1.48863649349863
B	FIACAO_LAMP_FNT	406.770742283228	115.745687813346	0
B	FIACAO_LAMP_FNT	403.986060127113	98.7707191043229	0
B	FIACAO_LAMP_ELETRO_3FNT	405.033998333787	98.7854904723742	0
B	FIACAO_LAMP_FNT	401.886260877819	97.3645415203316	0
B	FIACAO_LAMP_FNT	403.429245346266	94.1094375130771	1.5707963267949
B	FIACAO_LAMP_ELETRO_3FNT	403.414473978215	95.1573757197511	1.5707963267949
B	FIACAO_LAMP_FNT	404.673967489746	86.0963138572018	0
B	FIACAO_LAMP_ELETRO_3FNT	405.72190569642	86.1110852252531	0
B	FIACAO_LAMP_FNT	405.007619991941	88.3055981246539	1.12585287266162
B	FIACAO_LAMP_FNT	399.32590689662	86.0963138572018	0
B	FIACAO_LAMP_ELETRO_3FNT	400.373845103294	86.1110852252531	0
B	FIACAO_LAMP_FNT	398.710014523675	86.6734606345358	0.830318263405763
B	FIACAO_LAMP_FNT	398.94431965259	83.6510544539757	1.42391093501933
B	FIACAO_LAMP_FNT	395.21637305103	86.1368788483859	0
B	FIACAO_LAMP_ELETRO_3FNT	396.264311257704	86.1516502164372	0
B	FIACAO_LAMP_FNT	405.034536961792	92.6548074691262	0
B	FIACAO_LAMP_ELETRO_3FNT	406.082475168466	92.6695788371775	0
B	FIACAO_LAMP_FNT	395.100964000857	84.8250325592291	0
B	FIACAO_LAMP_ELETRO_3FNT	396.148902207531	84.8398039272804	0
B	FIACAO_LAMP_FNT	378.793369670326	85.9789015637837	0
B	FIACAO_LAMP_ELETRO_3FNT	379.841307877	85.993672931835	0
B	FIACAO_LAMP_FNT	379.104168191139	84.6951125082202	0
B	FIACAO_LAMP_ELETRO_3FNT	380.152106397813	84.7098838762715	0
B	FIACAO_LAMP_FNT	386.794714989987	84.6951125082202	0
B	FIACAO_LAMP_ELETRO_3FNT	387.842653196661	84.7098838762715	0
B	FIACAO_LAMP_FNT	384.684870633104	85.616003709489	1.09557319344184
B	FIACAO_LAMP_FNT	390.961736160469	83.1340018443393	0
B	FIACAO_LAMP_ELETRO_3FNT	391.689982586069	83.1340018443393	0
B	FIACAO_LAMP_FNT	384.526302699569	81.860515320746	0.997316312777588
B	FIACAO_LAMP_FNT	374.283951453121	83.8294537977264	0
B	FIACAO_LAMP_FNT	366.799649833296	83.8294537977264	0
B	FIACAO_LAMP_FNT	365.997261968704	85.7173277331241	1.32447134759836
B	FIACAO_LAMP_FNT	372.226464856837	81.7460280162866	0.997565842917482
B	FIACAO_LAMP_FNT	363.737931280201	83.7305866047123	0.32523677747846
B	FIACAO_LAMP_ELETRO_3FNT	411.155825849356	105.083812669223	0
B	FIACAO_LAMP_ELETRO_3FNT	407.686946217051	92.6695788371775	0
B	FIACAO_LAMP_ELETRO_3FNT	396.148902207531	82.5997852585682	0
B	FIACAO_LAMP_FNT	364.639868964106	82.5874012003334	0
B	FIACAO_LAMP_ELETRO_3FNT	391.981089337064	81.8671187869846	0
T	QDL4	382.325684992784	88.7249015914693
B	TOM_Monof_baixa	362.8	80.9	4.71
B	TOM_Monof_baixa	362.8	82	4.71
B	TOM_Monof_baixa	362.8	83.1	4.71
B	TOM_Monof_baixa	362.8	84.2	4.71
B	TOM_Monof_baixa	362.8	85.3	4.71
B	TOM_Monof_baixa	362.8	86.4	4.71
B	TOM_Monof_baixa	357.25	80.9	1.57
B	TOM_Monof_baixa	357.25	82	1.57
B	TOM_Monof_baixa	357.25	83.1	1.57
B	TOM_Monof_baixa	357.25	84.2	1.57
B	TOM_Monof_baixa	357.25	85.3	1.57
B	TUE_AR	361.3	87.2	0
B	QUADRO_LUCAS	362.5	79.9	0
B	TOM_Monof_baixa	356.95	121.9	1.57
B	TOM_Monof_baixa	356.95	122.75	1.57
B	TOM_Monof_baixa	356.95	123.6	1.57
B	TOM_Monof_baixa	356.95	124.45	1.57
B	TOM_Monof_baixa	356.95	125.3	1.57
B	TOM_Monof_baixa	356.95	126.1	1.57
B	TOM_Monof_baixa	358	121.6	0
B	TOM_Monof_baixa	359.5	121.6	0
B	TUE_AR	361	126.15	0
B	TOM_Monof_baixa	369.65	121.9	4.71
B	TOM_Monof_baixa	369.65	122.9	4.71
B	TOM_Monof_baixa	369.65	123.9	4.71
B	TOM_Monof_baixa	369.65	124.9	4.71
B	TOM_Monof_baixa	369.65	125.9	4.71
B	TOM_Monof_baixa	364.3	121.6	0
B	TOM_Monof_baixa	365.9	121.6	0
B	TOM_Monof_baixa	367.5	121.6	0
B	TUE_AR	366.5	126.15	0
B	QUADRO_LUCAS	363.4	126.2	0
B	TOM_Monof_baixa	359.35	117.5	4.71
B	CHUVEIRO	360.4	118.3	0
B	QUADRO_LUCAS	361	116.55	0
T	T11	363.5	82.9485675306958
T	T12	356.2	82.9485675306958
T	T13	360.5	87.6423601637108
T	QDF5	361.9	78.1522510231924
T	T14	355.9	123.648567530696
T	T16	361	126.442598908595
T	T15	370.4	123.442598908595
T	T17	366.5	126.448567530696
T	QDF6	363.9	126.452251023192
T	T18	358.5	115.942598908595
T	T19	361	119.542598908595
T	QDF7	361.6	115.552251023192
